"1";"1991";"N3";"自分で旅行を計画するのは楽しいです。";"じぶん";"自分    ";"じぶん    ";"ちっぷん   ";"じっぷん    ";"ちぶん"
"2";"1991";"N3";"自分で旅行を計画するのは楽しいです。";"りょこう";"旅行    ";"りゅうこ    ";"りょうこ   ";"りょこう    ";"りゅこう"
"3";"1991";"N3";"自分で旅行を計画するのは楽しいです。";"けいかく";"計画    ";"けいかく    ";"けいが   ";"けかく    ";"けが"
"4";"1991";"N3";"自分で旅行を計画するのは楽しいです。";"たのしい";"楽しい    ";"うれしい    ";"いそがしい   ";"うつくしい    ";"たのしい "
"5";"1991";"N3";"その学生は毎日地下鉄で大学に通っています。";"ちかてつ";"地下鉄    ";"じげてつ    ";"じかてつ   ";"ちげてつ    ";"ちかてつ"
"6";"1991";"N3";"その学生は毎日地下鉄で大学に通っています。";"かよって";"通って    ";"とおって    ";"かよって   ";"かえって    ";"いって"
"7";"1991";"N3";"姉がいつも食事の用意をしてくれます。";"あね";"姉    ";"いもうと    ";"おとうと   ";"あね    ";"あに"
"8";"1991";"N3";"姉がいつも食事の用意をしてくれます。";"しょくじ";"食事    ";"しょくじ    ";"しょうじ   ";"そくじ    ";"そうじ"
"9";"1991";"N3";"姉がいつも食事の用意をしてくれます。";"ようい";"用意    ";"よい    ";"ようい   ";"よじ    ";"ようじ "
"10";"1991";"N3";"電話代は夜の間と日曜日が安いです。";"でんわだい";"電話代    ";"でんわちん    ";"でんわきん   ";"でんわだい     ";"でんわりょう"
"11";"1991";"N3";"電話代は夜の間と日曜日が安いです。";"よる";"夜    ";"ひる    ";"よる   ";"あさ    ";"ばん"
"12";"1991";"N3";"電話代は夜の間と日曜日が安いです。";"あいだ";"間    ";"うち    ";"ま   ";"かん    ";"あいだ"
"13";"1991";"N3";"電話代は夜の間と日曜日が安いです。";"やすい";"安い    ";"あまい    ";"うまい   ";"ちかい    ";"やすい"
"14";"1991";"N3";"この町の人口は去年より多くなりました。";"まち";"町    ";"むら    ";"まち   ";"とし    ";"へん"
"15";"1991";"N3";"この町の人口は去年より多くなりました。";"じんこう ";"人口    ";"じんこう    ";"にんこう   ";"にんごう    ";"じんごう"
"16";"1991";"N3";"この町の人口は去年より多くなりました。";"きょねん";"去年    ";"きょうねん    ";"さくねん   ";"さっねん    ";"きょねん"
"17";"1991";"N3";"この町の人口は去年より多くなりました。";"おおく";"多く    ";"おそく    ";"おもく   ";"おおきく    ";"おおく "
"18";"1991";"N3";"その店の主人はいつも着物を着ています。";"みせ";"店    ";"てん    ";"こや   ";"みせ    ";"うち"
"19";"1991";"N3";"その店の主人はいつも着物を着ています。";"しゅじん";"主人    ";"しゅじん    ";"しゅうじん   ";"しゅにん    ";"しゅうにん"
"20";"1991";"N3";"その店の主人はいつも着物を着ています。";"きもの";"着物    ";"おきもの    ";"きもの    ";"はきもの    ";"かきもの"
"21";"1991";"N3";"このへやはあかるくて ひろいので、しごとがしやすいです。";"部屋";"へや    ";"部屋    ";"部室   ";"戸屋    ";"戸室"
"22";"1991";"N3";"このへやはあかるくて ひろいので、しごとがしやすいです。";"明るくて";"あかるくて    ";"明るくて    ";"早るくて   ";"赤るくて    ";"軽るくて"
"23";"1991";"N3";"このへやはあかるくて ひろいので、しごとがしやすいです。";"広い";"ひろい    ";"青い    ";"白い   ";"広い    ";"長い"
"24";"1991";"N3";"このへやはあかるくて ひろいので、しごとがしやすいです。";"仕事";"しごと    ";"作業    ";"仕業   ";"作事    ";"仕事"
"25";"1991";"N3";"えきのばいてんでしんぶんをかいました。電車のせきがあいていなかったのでたった ままよみました。";"駅 ";"えき    ";"駅    ";"験   ";"駐    ";"駆"
"26";"1991";"N3";"えきのばいてんでしんぶんをかいました。電車のせきがあいていなかったのでたった ままよみました。";"買店";"ばいてん    ";"買店    ";"売店   ";"購店    ";"飯店"
"27";"1991";"N3";"えきのばいてんでしんぶんをかいました。電車のせきがあいていなかったのでたった ままよみました。";"席";"せき    ";"度    ";"座   ";"庄    ";"席"
"28";"1991";"N3";"えきのばいてんでしんぶんをかいました。電車のせきがあいていなかったのでたった ままよみました。";"空いて";"あいて    ";"開いて    ";"空いて   ";"空いて    ";"合いて"
"29";"1991";"N3";"えきのばいてんでしんぶんをかいました。電車のせきがあいていなかったのでたった ままよみました。";"建った";"たった    ";"足った    ";"発った   ";"立った    ";"建った"
"30";"1991";"N3";"音楽会は7時にはじまります。きゅうこう電車でいかなくてもまにあいますよ。";"始まり";"はじまり    ";"開まり    ";"発まり   ";"初まり    ";"始まり"
"31";"1991";"N3";"音楽会は7時にはじまります。きゅうこう電車でいかなくてもまにあいますよ。";"急行";"きゅうこう    ";"早急    ";"救急   ";"急行    ";"急走"
"32";"1991";"N3";"音楽会は7時にはじまります。きゅうこう電車でいかなくてもまにあいますよ。";"間に合い";"まにあい    ";"真に合い    ";"間に合い   ";"間に会い    ";"真に会い"
"33";"1991";"N3";"毎日漢字を15ずつならいます。こくばんの字をちゅういしながらノートにうつします。";"習い";"ならい    ";"習い    ";"学い   ";"慣い    ";"覚い"
"34";"1991";"N3";"毎日漢字を15ずつならいます。こくばんの字をちゅういしながらノートにうつします。";"注意";"ちゅうい    ";"集合    ";"集中   ";"注意    ";"注目"
"35";"1991";"N3";"毎日漢字を15ずつならいます。こくばんの字をちゅういしながらノートにうつします。";"写し";"うつし    ";"映し    ";"写し   ";"移し    ";"画し"
"36";"1991";"N3";"シャツのうりばは、このうえの３がいです。あの_______でいってください。 ";"エスカレーター";"";"ドア    ";"タクシー   ";"サンダル    ";"エスカレーター"
"37";"1991";"N3";"じゅぎょうがおわってから、まいにち、ピンポンの_______をします。 ";"れんしゅう";"";"しゅみ    ";"うんどう   ";"れんしゅう    ";"しゅうかん"
"38";"1991";"N3";"わたしはじてんしゃを_______もっています。 ";"にだい";"";"にだい    ";"にさい   ";"にほん    ";"にまい"
"39";"1991";"N3";"このみずうみの_______はどのくらいですか。 ";"ふかさ";"";"ふかさ    ";"あつさ   ";"さむさ    ";"おもさ"
"40";"1991";"N3";"きょうしつのかべにきれいなえが_______あります。 ";"かけて";"";"のせて    ";"かけて   ";"おいて    ";"つけて"
"41";"1991";"N3";"だれでもテストを_______のはすきではありません。 ";"うける";"";"とる    ";"もつ   ";"うける    ";"ひろう"
"42";"1991";"N3";"あつかったら、どうぞうわぎを_______ください。 ";"ぬいで";"";"はずして    ";"むいて   ";"すてて    ";"ぬいで"
"43";"1991";"N3";"がくせいたちはきょうしつでやまだせんせいににほんごを_______います。 ";"ならって";"";"ならって    ";"つくって   ";"おぼえて    ";"べんきょうして"
"44";"1991";"N3";"わたしはやまださんににもつをもって_______。";"もらいました";"";"あげました    ";"もらいました   ";"くれました    ";"やりました"
"45";"1991";"N3";"いそがないで、_______やってください。";"ゆっくり";"";"はっきり    ";"うっかり   ";"ゆっくり    ";"すっかり"
"46";"1991";"N3";"やまださんのおじょうさんはなんさいですか。 ";"やまださんのむすめさんはなんさいですか。";"";"やまださんのむすこさんはなんさいですか。 ";"やまださんのむすめさんはなんさいですか。 ";"やまださんのおにいさんはなんさいですか。 ";"やまださんのおねえさんはなんさいですか。"
"47";"1991";"N3";"わたしはきのうコンサートにいきました。";"わたしはきのうおんがくをききにいきました";"";"わたしはきのうがいこくのえいがをみにいきました。 ";"わたしはきのうかいものにいきました。";"わたしはきのうおんがくをききにいきました。 ";"わたしはきのうこうえんへえをかきにいきました。"
"48";"1991";"N3";"わたしはきのうとこやへいきました。";"わたしはきのうかみをきってもらいにいきました";"";"わたしはきのうかみをきってもらいにいきました";"わたしはきのうびょうきをなおしてもらいにいきました。";"わたしはきのうシャツやズボンをあらってもらいにいきました。 ";"わたしはきのうくるまのうんてんをおしえてもらいにいきました。"
"49";"1991";"N3";"へやのでんきをつけました。 ";"へやをあかるくしました。";"へやをあたたかくしました。 ";"";"へやをすずしくしました。 ";"へやをあかるくしました。 ";"へやをくらくしました。"
"50";"1991";"N3";"これはだいじなものです。 ";"これはたいせつなものです。";"";"これはりっぱなものです。 ";"これはたいせつなものです。 ";"これはじょうぶなものです。 ";"これはふるいものです。"
"51";"1991";"N3";"がくせいがきょうしつに「のこっています」。";"きょうしつには、がくせいがまだいます。";"";"がくせいはまだだれもきょうしつへきていません。 ";"がくせいはもうみんなきょうしつへきています。 ";"きょうしつには、がくせいはもうだれもいません。";"きょうしつには、がくせいがまだいます。"
"52";"1991";"N3";"やまださんはゆうべなくなったそうです。";"やまださんはゆうべしんだそうです。";"";"やまださんはゆうべおかねをなくしたそうです。 ";"やまださんはゆうべどこかへいったそうです。 ";"やまださんはゆうべくにへかえったそうです。 ";"やまださんはゆうべしんだそうです。"
"53";"1991";"N3";"どうぞ、なんでもおっしゃってください。 ";"どうぞ、なんでもいってください。";"";"どうぞ、なんでもつかってください。 ";"どうぞ、なんでもいってください。 ";"どうぞ、なんでもたべてください。 ";"どうぞ、なんでもみてください。"
"54";"1991";"N3";"わたしはおもいびょうきをして、りょうしんにしんぱいをかけました。 ";"わたしがびょうきになったので、りょうしんはしんぱいしました。";"";"わたしがびょうきになったので、りょうしんはしんぱいしました。 ";"りょうしんがびょうきになったので、わたしはしんぱいしました。";"わたしがびょうきにならないように、りょうしんはいろいろとしんぱいをしています。 ";"りょうしんがびょうきにならないように、わたしはいろいろとしんぱいをしています。"
"55";"1991";"N3";"しごとをしながらわたしのはなしをきいてください。";"";"しごとをやめないで、わたしのはなしをきいてください。";"しごとをしないで、わたしのはなしをきいてください。 ";"しごとをしてから、わたしのはなしをきいてください。 ";"しごとをやめて、わたしのはなしをきいてください。 ";"しごとをやめないで、わたしのはなしをきいてください。"
"56";"1991";"N3";"一週間______2かいぐらいテニスをします。 ";"に";"";"が    ";"も   ";"と    ";"に"
"57";"1991";"N3";"りんごとバナナとではどちら______すきですか。 ";"が";"";"で    ";"が   ";"は    ";"と"
"58";"1991";"N3";"テレビの音______聞こえます。 ";"が";"";"を    ";"に";"が    ";"で"
"59";"1991";"N3";"兄はわたし______えいがにつれて行ってくれました。 ";"を";"";"と    ";"に   ";"が    ";"を"
"60";"1991";"N3";"この字はだれが書いた______わかりますか。 ";"を";"";"か    ";"を   ";"が    ";"と"
"61";"1991";"N3";"どんなこと______きいてください。お答えします。 ";"でも";"";"でも    ";"とか   ";"から    ";"まで"
"62";"1991";"N3";"今年のなつは、去年のなつ______あつくありませんでしたね。 ";"ほど";"";"でも    ";"しか   ";"ほど    ";"ごろ"
"63";"1991";"N3";"このごろはじょうぶになったから、何______食べてもおいしいです。 ";"が";"";"も    ";"に   ";"を    ";"が"
"64";"1991";"N3";"その花はだれ______もらいましたか。 ";"で";"";"で    ";"を   ";"の    ";"に"
"65";"1991";"N3";"もう５時です。今から______６時の電車にまにあうでしょうか。 ";"での";"";"での    ";"までも   ";"とも    ";"にも"
"67";"1991";"N3";"先生の話は知っていること______で、おもしろくなかったです。 ";"ばかり";"";"しか    ";"ばかり   ";"ほど    ";"より"
"68";"1991";"N3";"きのう友だちが来た______、べんきょうができませんでした。 ";"ので";"";"でも    ";"だから   ";"ので    ";"ように"
"69";"1991";"N3";"たくさんさとうを入れた______、まだあまくありません。 ";"のに";"";"ばかり    ";"とか   ";"から    ";"のに"
"70";"1991";"N3";"友だちにかさをかりた______、かえすのをわすれていました。 ";"まま";"";"あいだ    ";"まま   ";"だけ    ";"ながら"
"71";"1991";"N3";"これはあした母に______しゃしんです。";"のま";"";"のま    ";"のみ   ";"のむ    ";"のめ"
"72";"1991";"N3";"日本では______とき、「さようなら」と言います。 ";"かえる";"";"かえる    ";"かえって   ";"かえった    ";"かえっていた"
"73";"1991";"N3";"おばあさんのにもつを______あげたら、おばあさんはとてもよろこびました。 ";"もった";"";"もった    ";"もって   ";"もとう    ";"もつと"
"74";"1991";"N3";"あの人はほんとうに    のですか。";"学生な";"";"学生    ";"学生だ   ";"学生な    ";"学生と"
"75";"1991";"N3";"子どもたちにものをたいせつにする______いつも言っています。 ";"ように";"";"ことが    ";"ことに   ";"ような    ";"ように"
"76";"1991";"N3";"子供はまだ3さいです。山の上まで______のはむりでしょう。 ";"歩かせる";"";"歩ける    ";"歩かれる   ";"歩かせる    ";"歩いた"
"77";"1991";"N3";"______そうなレストランだったので、入りませんでした。 ";"たか";"";"たかい    ";"たか   ";"たかく    ";"たかくて"
"78";"1991";"N3";"わたしは子どものときけがをして入院______ことがあります。 ";"した";"";"する    ";"しない   ";"して    ";"した"
"79";"1991";"N3";"けさ、６時ごろから雨が______始めました。 ";"ふり";"";"ふる    ";"ふり   ";"ふって    ";"ふったり"
"80";"1991";"N3";"もし、ことばの意味が______、先生にしつもんしてください。";"わからなかったら";"";" わからなかったら    ";"わからなくて   ";"わからないと    ";"わからないで"
"81";"1991";"N3";"「あの小さい字が______か。」 「はい、(にほん)と書いてあります。」";"見えます";"";"見えます    ";"見せます   ";"見ます    ";"見ています"
"82";"1991";"N3";"学生「わたしはかぜをひいてしまいました。あしたじゅぎょうを______ください。」 先生「はい、どうぞ。ゆっくり休んでください。」";"休ませて";"";"休まれて    ";"休ませて   ";"休んで    ";"休んでみて"
"83";"1991";"N3";"かとう「あしたはサッカーのしあいです。もし雨が______しあいをします。がんばって ください。」 みんな「はい、がんばります。｣";"ふっても";" ";"ふるのに    ";"ふるので   ";"ふって    ";"ふっても "
"84";"1991";"N3";"「このスープちょっとからくないですか。」「そうですか。ちょっとのんでみましょう。うーん、ちょっと______ですね。」";"からいよう ";"";"からいよう    ";"からいらしい   ";"からいため    ";"からいそう"
"85";"1991";"N3";"ドアを開けて、「ごめんください。」と言いました。 ______、ねこが3びき出てきました。";"すると";"";"では    ";"だから   ";"すると    ";"それなのに"
"86";"1991";"N3";"田中：「ヤンさん、いつも本を読んでいますが、何かしけんを（ 1 ）べんきょうしているんです か。」 ヤン：「いいえ、これはわたしのしゅみなんです。子どものときからりょうしんがたくさん本を 買って（ 2 ）ので、すきになりました。｣ 田中：「どんな本をよく読みますか。」 ヤン：「れきしの本や科学の本がとくにすきです。おもしろくて、しょくじの時間をわすれて（ 3 ）こともあります。」田中：「それに、本はわたしたちにいろいろなことを（ 4 ）くれますね。」 ヤン：「これからも本をたくさん読んで（ 5 ）と思っています。」";"うけるために";"1";"うけるように    ";"うけさせるために   ";"うけるために    ";"うけさせるように "
"87";"1991";"N3";"田中：「ヤンさん、いつも本を読んでいますが、何かしけんを（ 1 ）べんきょうしているんです か。」 ヤン：「いいえ、これはわたしのしゅみなんです。子どものときからりょうしんがたくさん本を 買って（ 2 ）ので、すきになりました。｣ 田中：「どんな本をよく読みますか。」 ヤン：「れきしの本や科学の本がとくにすきです。おもしろくて、しょくじの時間をわすれて（ 3 ）こともあります。」田中：「それに、本はわたしたちにいろいろなことを（ 4 ）くれますね。」 ヤン：「これからも本をたくさん読んで（ 5 ）と思っています。」";"くれた";"2";"いただいた    ";"くれた   ";"さしあげた    ";"あげた "
"88";"1991";"N3";"田中：「ヤンさん、いつも本を読んでいますが、何かしけんを（ 1 ）べんきょうしているんです か。」 ヤン：「いいえ、これはわたしのしゅみなんです。子どものときからりょうしんがたくさん本を 買って（ 2 ）ので、すきになりました。｣ 田中：「どんな本をよく読みますか。」 ヤン：「れきしの本や科学の本がとくにすきです。おもしろくて、しょくじの時間をわすれて（ 3 ）こともあります。」田中：「それに、本はわたしたちにいろいろなことを（ 4 ）くれますね。」 ヤン：「これからも本をたくさん読んで（ 5 ）と思っています。」";"しまう";"3";"いく    ";"くる   ";"しまう    ";"おく "
"89";"1991";"N3";"田中：「ヤンさん、いつも本を読んでいますが、何かしけんを（ 1 ）べんきょうしているんです か。」 ヤン：「いいえ、これはわたしのしゅみなんです。子どものときからりょうしんがたくさん本を 買って（ 2 ）ので、すきになりました。｣ 田中：「どんな本をよく読みますか。」 ヤン：「れきしの本や科学の本がとくにすきです。おもしろくて、しょくじの時間をわすれて（ 3 ）こともあります。」田中：「それに、本はわたしたちにいろいろなことを（ 4 ）くれますね。」 ヤン：「これからも本をたくさん読んで（ 5 ）と思っています。」";"かんがえさせて";"4";"かんがえて    ";"かんがえられて   ";"かんがえさせて    ";"かんがえさせられて "
"90";"1991";"N3";"田中：「ヤンさん、いつも本を読んでいますが、何かしけんを（ 1 ）べんきょうしているんです か。」 ヤン：「いいえ、これはわたしのしゅみなんです。子どものときからりょうしんがたくさん本を 買って（ 2 ）ので、すきになりました。｣ 田中：「どんな本をよく読みますか。」 ヤン：「れきしの本や科学の本がとくにすきです。おもしろくて、しょくじの時間をわすれて（ 3 ）こともあります。」田中：「それに、本はわたしたちにいろいろなことを（ 4 ）くれますね。」 ヤン：「これからも本をたくさん読んで（ 5 ）と思っています。」";"いこう ";"5";"いく    ";"いこう   ";"くる    ";"きて"
"91";"1991";"N3";"ヤン：「今日のかいぎは何人ぐらいあつまるか知っていますか。」 田中：「いいえ、よくは（ 6 ）。」 ヤン：「そうですか。今日は小川先生が（ 7 ）と聞きましたよ。」 田中：「わたしも小川に（ 8 ）聞いて、楽しみにして来たんです。」 ヤン：「今夜は帰りがおそく（ 9 ）だけど、だいじょうぶですか。」 田中：「ええ、けさかぞくには（ 10 ）から、だいじょうぶです。」";"知りません";"6";"知りません    ";"知ってありません   ";"知っています    ";"知らないでいます "
"92";"1991";"N3";"ヤン：「今日のかいぎは何人ぐらいあつまるか知っていますか。」 田中：「いいえ、よくは（6知りません）。」 ヤン：「そうですか。今日は小川先生が（ 7 ）と聞きましたよ。」 田中：「わたしも小川に（ 8 ）聞いて、楽しみにして来たんです。」 ヤン：「今夜は帰りがおそく（ 9 ）だけど、だいじょうぶですか。」 田中：「ええ、けさかぞくには（ 10 ）から、だいじょうぶです。」";"いらっしゃる";"7";"まいる    ";"めしあがる   ";"うかがう    ";"いらっしゃる "
"93";"1991";"N3";"ヤン：「今日のかいぎは何人ぐらいあつまるか知っていますか。」 田中：「いいえ、よくは（6知りません）。」）。」 ヤン：「そうですか。今日は小川先生が（ 7 ）と聞きましたよ。」 田中：「わたしも小川に（ 8 ）聞いて、楽しみにして来たんです。」 ヤン：「今夜は帰りがおそく（ 9 ）だけど、だいじょうぶですか。」 田中：「ええ、けさかぞくには（ 10 ）から、だいじょうぶです。」";"なるだろう ";"8";"なりそう    ";"なるような   ";"なりそうな    ";"なるだろう "
"94";"1991";"N3";"ヤン：「今日のかいぎは何人ぐらいあつまるか知っていますか。」 田中：「いいえ、よくは（6知りません）。」）。」 ヤン：「そうですか。今日は小川先生が（ 7いらっしゃる ）と聞きましたよ。」 田中：「わたしも小川に（ 8なるだろう  ）聞いて、楽しみにして来たんです。」 ヤン：「今夜は帰りがおそく（ 9*** ）だけど、だいじょうぶですか。」 田中：「ええ、けさかぞくには（ 10 ）から、だいじょうぶです。」";"言うつもりだ";"10";"言うつもりだ    ";"言っておいた   ";"言わないでいる    ";"言おうと思った"
"95";"1991";"N3";"リー：「電気をけしましょうか。」 田中：「ラジャさんが来ますから、そのままにしておきましょう。」 リー：「はい、そうします。」 ";"電気をけしません。";"リーさんはどうしますか。 ";"電気をけしません。 ";"電気をけします。";"電気をつけます。 ";"電気をつけません。"
"96";"1991";"N3";"田中：「リーさんはどんなところへ行きたいですか。」 リー：「そうですね。リンさんは京都のような町へ行きたいって言っていましたけど、わたしは しずかな山の中ですね。」（1）";" リーさんはしずかな山へ行きたいと言っています。";"リーさんはリンさんと山へ行きたいと言っています。 ";"リーさんはしずかな山へ行きたいと言っています。 ";"リーさんはどんなところへ行きたいと言っていますか。 ";"リーさんはしずかな京都へ行きたいと言っています。 ";"リーさんは田中さんと京都へ行きたいと言っています。"
"97";"1991";"N3";"工場見学のおしらせ あしたは11時から 自動車工場の見学です。学校を10時に出発できるよう10分前にあつまっ てください。あつまる場所は南門です。（1） ";"学校の南門に、10時10分です。";"学校の南門に、9時50分です。";"あつまる時間と場所はつぎのどれですか。 ";"工場の南門に、10時10分です。";"学校の南門に、9時50分です。";"工場の南門に、9時50分です。"
"98";"1991";"N3";"山川  「あ、もう11時。すぐ帰らなくちゃ。」      ヤン  「もう帰るんですか。あしたは日曜日で、休みでしょ。      山川  「でも電車がなくなりますから。」（1）";"電車で帰ります。";"この会話では、山川さんはこれからどうするつもりですか。 ";"電車で帰ります。";"まで帰りません。 ";"タクシーで帰ります。 ";"今日は帰りません。"
"99";"1991";"N3";"ヤンさん、9月10日のお手紙、今日着きました。毎月月はじめに着くお手紙が今月は10日を すぎても来ません。それで、日本語のべんきょうがいそがしいのか、病気をしたのかとむす めと話をしていました。お手紙読んでほんとうにびっくりしました。じこの後、すぐに病院でよくしらべたそうです が、ほんとうにもうだいじょぶなのですか。9月22日にはしごとで東京へ行きます。その後で あなたのアパートへ行きたいと思います。じこのこと、けがのようす、その後のことをもっと 知りたいと思います。電話ではよくわかりませんでしたからね。そして、あなたの元気なかお が見たいです。ですから、その日のつごうはどうか、電話で知らせてください。夜ならいつで も家にいますから。とにかく、雨の日にかさをさして、自動車にのることはもう二度としないでくださいね。で は、22日に会いましょう。おだいじに。9月12日京都市  山田よし子.";"9月12日";"ヤンさんの手紙はいつ着きましたか。 ";"9月1日";"9月10日 ";"9月12日 ";"9月22日"
"100";"1991";"N3";"ヤンさん、9月10日のお手紙、今日着きました。毎月月はじめに着くお手紙が今月は10日を すぎても来ません。それで、日本語のべんきょうがいそがしいのか、病気をしたのかとむす めと話をしていました。お手紙読んでほんとうにびっくりしました。じこの後、すぐに病院でよくしらべたそうです が、ほんとうにもうだいじょぶなのですか。9月22日にはしごとで東京へ行きます。その後で あなたのアパートへ行きたいと思います。じこのこと、けがのようす、その後のことをもっと 知りたいと思います。電話ではよくわかりませんでしたからね。そして、あなたの元気なかお が見たいです。ですから、その日のつごうはどうか、電話で知らせてください。夜ならいつで も家にいますから。とにかく、雨の日にかさをさして、自動車にのることはもう二度としないでくださいね。で は、22日に会いましょう。おだいじに。9月12日京都市  山田よし子.";"ヤンさんがじこでけがをしたからです。";"ヤンさんの手紙がおそくなったのはどうしてですか。 ";"ヤンさんがじこでけがをしたからです。";"ヤンさんがべんきょうでいそがしかったからです。 ";"ヤンさんが病気だったからです。";"ヤンさんがしごとで東京に行っていたからです。 "
"101";"1991";"N3";"ヤンさん、9月10日のお手紙、今日着きました。毎月月はじめに着くお手紙が今月は10日を すぎても来ません。それで、日本語のべんきょうがいそがしいのか、病気をしたのかとむす めと話をしていました。お手紙読んでほんとうにびっくりしました。じこの後、すぐに病院でよくしらべたそうです が、ほんとうにもうだいじょぶなのですか。9月22日にはしごとで東京へ行きます。その後で あなたのアパートへ行きたいと思います。じこのこと、けがのようす、その後のことをもっと 知りたいと思います。電話ではよくわかりませんでしたからね。そして、あなたの元気なかお が見たいです。ですから、その日のつごうはどうか、電話で知らせてください。夜ならいつで も家にいますから。とにかく、雨の日にかさをさして、自動車にのることはもう二度としないでくださいね。で は、22日に会いましょう。おだいじに。9月12日京都市  山田よし子.";"山田さんに電話をかけます。";"ヤンさんはこの手紙を読んで、何をしますか。";"山田さんに手紙を書きます。 ";"山田さんの電話をまちます。 ";"山田さんの手紙をまちます。 ";"山田さんに電話をかけます。"
"102";"1991";"N3";"ヤンさん、9月10日のお手紙、今日着きました。毎月月はじめに着くお手紙が今月は10日を すぎても来ません。それで、日本語のべんきょうがいそがしいのか、病気をしたのかとむす めと話をしていました。お手紙読んでほんとうにびっくりしました。じこの後、すぐに病院でよくしらべたそうです が、ほんとうにもうだいじょぶなのですか。9月22日にはしごとで東京へ行きます。その後で あなたのアパートへ行きたいと思います。じこのこと、けがのようす、その後のことをもっと 知りたいと思います。電話ではよくわかりませんでしたからね。そして、あなたの元気なかお が見たいです。ですから、その日のつごうはどうか、電話で知らせてください。夜ならいつで も家にいますから。とにかく、雨の日にかさをさして、自動車にのることはもう二度としないでくださいね。で は、22日に会いましょう。おだいじに。9月12日京都市  山田よし子.";"9月12日";"ヤンさんの手紙はいつ着きましたか。";"9月1日";"	9月10日";" 	9月12日 	9月22日";""
"103";"1991";"N3";"きのう母をおくりにくうこうへ行った。デッキで母がのったひこうきがとんでいくのをじっと見て いたら、国へ帰りたくなった。（1）";"きのうこの人のおかあさんは国へ帰った。";"この文からわかることはつぎのどれですか。 ";" きのうこの人はおかあさんと国へ帰った。";"きのうこの人のおかあさんはくうこうへこの人をおくりに来た。 ";"きのうこの人とおかあさんはくうこうへひこうきを見に行った。 ";"きのうこの人のおかあさんは国へ帰った。
"
"104";"1991";"N4";"車の中に男の子が何人いますか";"くるま";"車";"しゃ";"くるま";"ちゃ";"くろま"
"105";"1991";"N4";"車の中に男の子が何人いますか";"なか";"中";"なか";"なっか";"ちゅう";"ちゅん"
"106";"1991";"N4";"車の中に男の子が何人いますか";"おとこのこ";"男の子";"おんなのこ";"おとこのこ";"おどこのこ";"おうなのこ"
"107";"1991";"N4";"車の中に男の子が何人いますか";"なんにん";"何人";"なにひと";"なんじん";"なにじん";"なんにん"
"108";"1991";"N4";"一日は二十四時間です。そして、一時間は六十分で、一分は六十びょうです。";"いちにち";"一日";"ついたち";"ひとひ";"いちじつ";"いちにち"
"109";"1991";"N4";"一日は二十四時間です。そして、一時間は六十分で、一分は六十びょうです";"にじゅうよじかん";"二十四時間";"にじゅうしじげん";"にじゅうよんじけん";"にじゅうよじかん	にじゅうしじかん";""
"110";"1991";"N4";"一日は二十四時間です。そして、一時間は六十分で、一分は六十びょうです";"いっぷん";"一分";"いっぷん";"いちふん";"いちぶ";"いちぶん"
"111";"1991";"N4";"雨の日は外へ出ないで、家でゆっくり休みます。";"あめ";"雨";"かぜ";"あめ";"ゆき";"くも"
"112";"1991";"N4";"雨の日は外へ出ないで、家でゆっくり休みます。";"そと";"外";"そと";"はか";"どこ";"うち"
"113";"1991";"N4";"雨の日は外へ出ないで、家でゆっくり休みます。";"でない";"出ない";"いかない";"こない";"でない";"やらない"
"114";"1991";"N4";"雨の日は外へ出ないで、家でゆっくり休みます。";"いえ";"家";"へや";"しつ";"いえ";"みせ"
"115";"1991";"N4";"雨の日は外へ出ないで、家でゆっくり休みます。";"やすみ";"休み";"のみ";"たのみ";"すみ";"やすみ"
"116";"1991";"N4";"先に食べてください。わたしは後で食べます。";"さきに";"先に";"せんに";"つぎに";"すぐに";"さきに"
"117";"1991";"N4";"先に食べてください。わたしは後で食べます。";"たべて";"食べて";"とべて";"のべて";"たべて";"くべて"
"118";"1991";"N4";"先に食べてください。わたしは後で食べます。";"あとで";"後で";"あとで";"にちで";"ごで";"こうで"
"119";"1991";"N4";"えきのまえでバスをおります。そして、みなみのほうへ00メートルぐらいいってください。ひだりがわにおおきいホテルがあります。";"前";"まえ";"後";"前";"先";"間"
"120";"1991";"N4";"えきのまえでバスをおります。そして、みなみのほうへ00メートルぐらいいってください。ひだりがわにおおきいホテルがあります。";"南";"みなみ";"東";"西";"南";"北"
"121";"1991";"N4";"えきのまえでバスをおります。そして、みなみのほうへ00メートルぐらいいってください。ひだりがわにおおきいホテルがあります。";"行って";"いって";"言って";"走って";"入って";"行って"
"122";"1991";"N4";"えきのまえでバスをおります。そして、みなみのほうへ00メートルぐらいいってください。ひだりがわにおおきいホテルがあります。";"左";"ひだり";"左";"在";"石";"右"
"123";"1991";"N4";"えきのまえでバスをおります。そして、みなみのほうへ00メートルぐらいいってください。ひだりがわにおおきいホテルがあります。";"大きい";"おおきい";"高きい";"多きい";"広きい";"大きい"
"124";"1991";"N4";"ちちのたんじょうびにねくたいとわいしゃつをあげました。";"父";"ちち";"母";"姉";"兄";"父"
"125";"1991";"N4";"ちちのたんじょうびにねくたいとわいしゃつをあげました。";"ネクタイ";"ねくたい";"ネクタイ";"ネタクイ";"スクタイ";"スタクイ"
"126";"1991";"N4";"ちちのたんじょうびにねくたいとわいしゃつをあげました。";"ワイシャツ";"わいしゃつ";"ウイシャツ";"ウイシュツ";"ワイシャツ";"ワイシュツ"
"127";"1991";"N4";"こんしゅうのすいようびのしんぶんがありますか。";"今週";"こんしゅう";"来週";"先週";"今週";"近週"
"128";"1991";"N4";"こんしゅうのすいようびのしんぶんがありますか";"新聞";"しんぶん";"新文";"新聞";"新分";"新本"
"129";"1991";"N4";"_____、えいがをみにいきませんか。";"ゆうべ";"";"ゆうべ";"きのう";"あして";"おととい"
"130";"1991";"N4";"わたしはいつも_____をききながらべんきょうします。";"ラジオ";"";"ぺん";"ラジオ";"テープル";"ストーブ"
"131";"1991";"N4";"わたしのすきなのみものは_____です。";"こうちゃ";"";"おかし";"こうちゃ";"みかん";"ねこ"
"132";"1991";"N4";"わたしはじてんしゃを_____もっています。";"にだい";"";"にだい";"にさつ";"にほん";"にまい"
"133";"1991";"N4";"この_____じしょはだれのですか。";"ちいさい";"";"ほそい";"まるい";"みじかい";"ちいさい"
"134";"1991";"N4";"ちちはことし80さいですが、_____です。";"げんき";"";"げんき";"けっこう";"ざんねん";"かんたん"
"135";"1991";"N4";"あめがふっています。みんなかさを_____います。";"さして";"";"あけて";"あげて";"さして";"つけて"
"136";"1991";"N4";"がくせいたちはきょうしつでやまだせんせいににほんごを_____います。";"ならって";"";"ならって";"つくって";"おぼえて";"べんきょうして"
"137";"1991";"N4";"やまださんはあかいぼうしを_____います。";"かぶって";"";"きた";"しめて";"はいて";"かぶって"
"138";"1991";"N4";"やまださんたいていおふろにはいって、_____ねます。";"すぐに";"";"ちょうど";"すぐに";"まだ";"だんだん"
"139";"1991";"N4";"にちようびはしょくどうがやすみです。";"にちようびはしょくどうがしまっています。";"";"にちようびはしょくどうがあいています。";"にちようびはしょくどうがこんでいますに";"ちようびはしょくどうがやっています。";"にちようびはしょくどうがしまっています。"
"140";"1991";"N4";"このえはきらいです。";"このえはすきではありません。";"";"このえはすきです。";"このえはきれいです。";"このえはすきではありません。";"このえはきれいではありません。"
"141";"1991";"N4";"へやのでんきをつけました。";"へやをあかるくしました。";"";"へやをあたたかくしました。";"へやをすずしくしました。";"へやをあかるくしました。";"へやをくらくしました。"
"142";"1991";"N4";"これはせっけんです。";"これはなにかをあらうときにつかいます。";"";"これはなにかをあらうときにつかいます。";"これはなにかをつくるときにつかいます。";"これはなにかをきくときにつかいます。";"これはなにかをみるときにつかいます。"
"143";"1991";"N4";"このもんだいはむずかしくありません。";"このもんだいはやさしいです。";"";"このもんだいはできません。";"このもんだいはやさしいです。";"このもんだいはみじかいです。";"このもんだいはわかりません。"
"144";"1991";"N4";"わたしたちはえきまでバス＿＿＿＿行きましょう。";"で";"";"を";"に";"が";"で"
"145";"1991";"N4";"「あなたのかばんはどれですか。」「わたしのかばんはあのくろい＿＿＿＿です。」";"の";"";"の";"に";"か";"と"
"146";"1991";"N4";"わたしはあしたかいもの＿＿＿行きます。";"に";"";"が";"に";"を";"で"
"147";"1991";"N4";"ゆびんきょく＿＿＿＿どこですか。";"は";"";"で";"が";"は";"を"
"148";"1991";"N4";"わたしはいそがしいから、だれ＿＿＿あいません。";"にも";"";"では";"へも";"にも";"とは"
"149";"1991";"N4";"「きょうの ごごはどこ＿＿＿行きますか。」「はい、だいがくへ行きます。」";"かへ";"";"かへ";"にも";"でも";"へも"
"150";"1991";"N4";"わたしはきのうこうえん＿＿＿＿しゃしんをとりました。";"で";"";"に";"へ";"が";"で"
"151";"1991";"N4";"あの人はどこ＿＿＿来ましたか。";"から";"";"だけ";"など";"から";"でも"
"152";"1991";"N4";"きのうのよるはあめ＿＿＿つよく ふりましたね。";"が";"";"と";"に";"を";"が"
"153";"1991";"N4";"ここにはなに＿＿＿ありません。";"も";"";"に";"も";"を";"と"
"154";"1991";"N4";"まいあさ、学生たちがおおぜいこのみち＿＿＿とおります。";"を";"";"に";"と";"で";"を"
"155";"1991";"N4";"あのみぜには どんな ものがある＿＿＿＿おしえてください。";"か";"";"も";"で";"か";"と"
"156";"1991";"N4";"わたしはともだち＿＿＿＿テニスをします。";"と";"";"と";"を";"は";"で"
"157";"1991";"N4";"せんせいはきょうしつ＿＿＿＿はいりました。";"に";"";"に";"を";"や";"で"
"158";"1991";"N4";"このしごとは１じかん＿＿＿かかるでしょう。";"ぐらい";"";"しか";"ぐらい";"ながら";"ごろ"
"159";"1991";"N4";"学生は ５人いますが、ケーキはみっつ＿＿＿ありません。";"しか";"";"しか";"など";"では";"だけ"
"160";"1991";"N4";"ともだちは よる ８じ＿＿＿＿ 来ました。";"ごろ";"";"の";"ごろ";"や";"ぐらい"
"161";"1991";"N4";"きのうは＿＿＿＿。";"さむくなかったです";"";"さむくでした";"さむくなうです";"さむくなかったです";"さむくなくでした"
"162";"1991";"N4";"あのみせの ケーキは＿＿＿おいしいですね。";"やすくて";"";"やすいと";"やすくて";"やすいで";"やすさ"
"163";"1991";"N4";"このくつは＿＿＿＿とてもいいです。";"じょうぶで";"";"じょうぶな";"じょうぶの";"じょうぶに";"じょうぶで"
"164";"1991";"N4";"あの 人は まいあさ こうえんを＿＿＿＿ します。";"きれいに";"";"きれいだ";"きれいに";"きれいな";"きれいく"
"165";"1991";"N4";"ここは あまり＿＿＿ね。";"しずかではありません";"";"しずかではありません";"しずかです";"しずかでした";"しずかではなくです"
"166";"1991";"N4";"わたしは きのう どこへも＿＿＿＿。";"行きませんでした";"";"行きましょう";"行きました";"行きませんでした";"行きます"
"167";"1991";"N4";"ドアが しまって＿＿＿＿。しめてください。";"いません";"";"ありません";"いません";"あります";"います"
"168";"1991";"N4";"ノートに なまえが かいて＿＿＿＿。";"あります";"";"あります";"います";"します";"なります"
"169";"1991";"N4";"あたなが きのう ＿＿＿＿えいがのなまえを おしえてください。";"みた";"";"みて";"みます";"みる";"みた"
"170";"1991";"N4";"わたしは けさ ごはんを＿＿＿＿来ました。";"たべないで";"";"たべない";"たべなく";"たべないで";"たべなかった"
"171";"1991";"N4";"べんきょう＿＿＿＿ あとで、シャワーを あびます。";"した";"";"する";"するの";"したの";"した "
"172";"1991";"N4";"あの人は しんぶんを＿＿＿＿ながらごはんをたべます。";"よみ";"";"よみ";"よむ";"よんで";"よみます"
"173";"1991";"N4";"わたしの じしょが ありません。あなたのじしょを＿＿＿。";"かしてくださいませんか";"";"かしてくださいませんか";"かしましょう";"かしませんか";"かすでしょう"
"174";"1991";"N4";"きのう わたしは たくさん かいものを しました。いま おかねは もう＿＿＿。";"ありません";"";"あります";"ありません";"ありました";"ありませんでした"
"175";"1991";"N4";"「にほんごは＿＿＿ですか。」「とても むずかしいです。」";"どう";"";"どう";"なん";"どこ";"だれ"
"176";"1991";"N4";"「＿＿＿ごはんをたべませんか。」「おなかが いたいからです。」";"どうして";"";"なにか";"どのぐらい";"だれか";"どうして"
"177";"1991";"N4";"＿＿＿＿が あなたの かばんですか。";"どれ";"";"どこ";"どの";"どれ";"どんな"
"178";"1991";"N4";"あの人は＿＿＿ の くにの 人ですか。";"どこ";"";"どこ";"どの";"どれ";"どんな"
"179";"1991";"N4";"「きのう＿＿＿＿ うんどうしましたか。」「１じかん うんどうしました。」";"どのぐらい";"";"どんな";"いくつ";"なぜ";"どのぐらい"
"180";"1991";"N4";"わたしは まいばん しんぶんを よみます。＿＿＿＿、ラジヲをききます。";"それから";"";"しかし";"それから";"でも";"それでは"
"181";"1991";"N4";"すみません。この かさは だれのですか。";"「だれのか わかりません。」";"";"「「だれのか わかりません。」";"「いいえ、だれのでは ありません。」";"「それは、だれのです。」";"「だれのか わかりません。」"
"182";"1991";"N4";"あついから、まどを あけて ください";"「はい、わかりました」";"";"「はい、どういたしまして。」";"「はい、わかりました」";"「はい、どうも ありがとう ございます」";"「はい、けっこうです。」"
"183";"1991";"N4";"「すみません。この あかいシャツを ください。いくらですか。」";"「はい、３０００円です」";"";"「はい、これはシャツです」";"「はい、３まいです」";"「はい、３０００円です」";"「はい、あかいです。」"
"184";"1991";"N4";"「ここで  すこし  やすみましょう。」";"「そうしましょう。」";"";"「そうです。」";"「どういたしまして。」";"「ごちそうさま。」";"「そうしましょう。」"
"185";"1991";"N4";"「いっしょに  ピンポンを  しませんか。」";"「はい、しましょう。」";"";"「はい、しましょう。」";"「はい、しません。」";"「はい、わたしです。」";"「はい、そうです。」"
"186";"1993";"N4";"この古い本は三千六百円です。";"ふるい";"古い    ";"ほそい    ";"やすい    ";"ふとい    ";"ふるい"
"187";"1993";"N4";"この古い本は三千六百円です。";"ほん";"本    ";"はん    ";"ばん    ";"ほん    ";"ぼん"
"188";"1993";"N4";"この古い本は三千六百円です。";"さんぜんろっぴゃくえん";"三千六百円    ";"さんせんろくひゃくえん    ";"さんぜんろっぴゃくえん    ";"さんぜんろくひゃくえん    ";"さんせんろっぴゃくえん"
"189";"1993";"N4";"来週の金よう日はやましたさんのたんじょう日です。";"らいしゅう";"来週    ";"らいしゅう    ";"こんしゅう    ";"せんしゅう    ";"まいしゅう"
"190";"1993";"N4";"来週の金よう日はやましたさんのたんじょう日です。";"きんようび";"金よう日    ";"すいようび    ";"もくようび    ";"きんようび    ";"げつようび"
"191";"1993";"N4";"えきの西口を出て、三つめのかどを右にまがってください。";"にしぐち";"西口    ";"きたぐち    ";"きたもん    ";"にしぐち    ";"にしもん"
"192";"1993";"N4";"えきの西口を出て、三つめのかどを右にまがってください。";"出て    ";"だして    ";"だて    ";"でって    ";"でて";""
"193";"1993";"N4";"えきの西口を出て、三つめのかどを右にまがってください。";"でて";"三つめ    ";"さんつめ    ";"いくつめ    ";"みっつめ    ";"ふたつめ"
"194";"1993";"N4";"えきの西口を出て、三つめのかどを右にまがってください。";"みぎ";"右    ";"みち    ";"みぎ     ";"ひだり    ";"ひがし"
"195";"1993";"N4";"きのう四人の先生に電話をかけました。";"よにん";"四人    ";"よにん    ";"よんにん    ";"ようにん    ";"しにん"
"196";"1993";"N4";"きのう四人の先生に電話をかけました。";"せんせい ";"先生    ";"せんせん    ";"せんせい    ";"せいせん    ";"せいせい"
"197";"1993";"N4";"きのう四人の先生に電話をかけました。";"でんわ";"電話    ";"でんご    ";"でんは    ";"でんき    ";"でんわ "
"198";"1993";"N4";"あの男の子はせいが高くて、あしが長いです。";"おとこのこ";"男の子    ";"おとこのこう    ";"おとこのこ     ";"おんなのこう    ";"おんなのこ"
"199";"1993";"N4";"あの男の子はせいが高くて、あしが長いです。";"たかくて";"高くて     ";"おおくて    ";"ひろくて     ";"ひくくて    ";"たかくて"
"200";"1993";"N4";"あの男の子はせいが高くて、あしが長いです。";"ながい";"長い    ";"ながい    ";"おもい    ";"おそい    ";"はやい"
"201";"1993";"N4";"あめの日は、あぱあとのへやでおんがくをききます。";"雨 ";"あめ    ";"飴    ";"雨    ";"偶    ";"毋"
"202";"1993";"N4";"あめの日は、あぱあとのへやでおんがくをききます。";"マパート ";"あぱあと    ";"マパート    ";"アパート     ";"マポート    ";"アポート"
"203";"1993";"N4";"あめの日は、あぱあとのへやでおんがくをききます。";"耳きます";"ききます    ";"開きます    ";"目きます    ";"聞きます    ";"耳きます"
"204";"1993";"N4";"いいてんきですから、そとでたべましょう。";"天気";"てんき    ";"矢気    ";"大気    ";"夫気    ";"天気"
"205";"1993";"N4";"いいてんきですから、そとでたべましょう。";"食べ";"たべ    ";"食べ    ";"口べ    ";"葦べ    ";"養べ "
"206";"1993";"N4";"ことしのなつやすみには国からちちが来ます。";"今年";"ことし    ";"来年    ";"令年    ";"昨年    ";"今年"
"207";"1993";"N4";"ことしのなつやすみには国からちちが来ます。";"休み";"やすみ    ";"体み    ";"体すみ    ";"休み    ";"休すみ"
"208";"1993";"N4";"ことしのなつやすみには国からちちが来ます。";"父";"ちち    ";"又    ";"父    ";"文    ";"交"
"209";"1993";"N4";"がっこうがおわってから、えいがをみに行きます。";"学校";"がっこう    ";"学校    ";"学積    ";"学枚    ";"学穂"
"210";"1993";"N4";"がっこうがおわってから、えいがをみに行きます。";"見に";"みに    ";"具に    ";"自に    ";"貝に    ";"見に"
"211";"1993";"N4";"わたしは_____にちようびにとしょかんへいきます。";"まいしゅう";"";"まいしゅう    ";"まいあさ    ";"まいにち    ";"まいとし"
"212";"1993";"N4";"「このおかしはいくらですか。」「それは_____です。」";"はちじゅ うえん  ";"";"はちじっさつ    ";"はちじゅ うえん    ";"はちじっぽん    ";"はちじゅうだい"
"213";"1993";"N4";"やすみのひはいつもうちで、_____をひきます。 ";"ギター";"";"オートバイ    ";"テニス    ";"スリッパ    ";"ギター"
"214";"1993";"N4";"じゅぎょうは_____さんじにおわりました。";"ちょっと ";"";"ちょっと    ";"だんだん    ";"まっすぐ    ";"ちょうど"
"215";"1993";"N4";"このセーターはうすいので、あまり_____ないです。 ";"あたたかく";"";"さむく    ";"すずしく    ";"あたたかく    ";"あかく"
"216";"1993";"N4";"きのうは、あさからばんまでそうじやせんたくで_____です。";"いそがしかった";"";"たかかった    ";"あぶなかった    ";"おもかった    ";"いそがしかった"
"217";"1993";"N4";"きょうはかぜがつよく_____います。";"ふいて";"";"やんで    ";"ふって    ";"ふいて    ";"とまって"
"218";"1993";"N4";"にもつはそこに_____ください。";"おいて";"";"かいて    ";"おいて    ";"はいって    ";"すわって"
"219";"1993";"N4";"ちちはいま、しんぶんを_____いっています。";"よびに ";"";"ぬぎに    ";"よびに    ";"ききに    ";"かいに"
"220";"1993";"N4";"うわぎをせんたくしてください。 ";"うわぎをあらってください。";"";"うわぎをみがいてください。 ";"うわぎをあらってください。 ";"うわぎをはいてください。 ";"うわぎをきてください。"
"221";"1993";"N4";"あそこはゆうびんきょくです。";"あそこではきってをうっています。";"";"あそこではきってをうっています。 ";"あそこではやさいをうっています。 ";"あそこではとけいをうっています。 ";"あそこではぼうしをうっています。"
"222";"1993";"N4";"ともだちはげんかんでくつをぬぎました。";"ともだちはいえのいりぐちでくつをぬぎました。";"";"ともだちはべっどのそばでくつをぬぎました。 ";"ともだちはもんのまえでくつをぬぎました。 ";"ともだちはいえのいりぐちでくつをぬぎました。 ";"ともだちはまどのしたでくつをぬぎました。"
"223";"1993";"N4";"このざっしはつまらなかったです。";"このざっしはおもしろくなかったです。";"";"このざっしはおもしろくなかったです。 ";"このざっしはむずかしくなかったです。 ";"このざっしはながくなかったです。 ";"このざっしはわるくなかったです。"
"224";"1993";"N4";"あにはこうじょうにつとめています。";"あにはこうじょうではたらいています。";"";"あにはこうじょうでれんしゅうしています。 ";"あにはこうじょうではたらいています。 ";"あにはこうじょうでべんきょうしています。 ";"あにはこうじょうでならっています。"
"225";"1993";"N4";"きのう  デパート＿＿＿  かいものを  しました。 ";"で    ";"";"が   ";"に    ";"で    ";"へ"
"226";"1993";"N4";"本が  ２さつ  あります。ノート＿＿＿＿  ２さつ  あります。 ";"も    ";"";"や    ";"も    ";"で    ";"に"
"227";"1993";"N4";"らいしゅう  京都へ  りょこう＿＿＿＿  行きます。 ";"に";"";"と    ";"が    ";"を    ";"に"
"228";"1993";"N4";"わたしは  まいにち  日本語＿＿＿＿  べんきょうを  します。 ";"の    ";"";"と    ";"の    ";"や    ";"を"
"229";"1993";"N4";"「あしたも  ひとりで  来ますか。」「いいえ、あしたは  ともだち  ＿＿＿  来ます。」 ";"と    ";"";"と    ";"は    ";"へ    ";"が"
"230";"1993";"N4";"「さようなら」は  中国語  ＿＿＿＿  なんと  いいますか。 ";"で    ";"";"が    ";"を    ";"で    ";"に"
"231";"1993";"N4";"ここに  なまえ＿＿＿＿  でんわばんごうを  かいて  ください。 ";"と    ";"";"で    ";"を    ";"と    ";"も"
"232";"1993";"N4";"わたしは  いつも  うちから  えき＿＿＿  じてんしゃで  行きます。  ";"まで    ";"";"しか    ";"まで    ";"ごろ    ";"で"
"233";"1993";"N4";"この  バスは  びょういんの  まえ＿＿＿＿  とおります。 ";"を";"";"で    ";"に    ";"へ    ";"を"
"234";"1993";"N4";"どれ＿＿＿＿  あなたの  かぎですか。 ";"が";"";"は    ";"や    ";"を    ";"が"
"235";"1993";"N4";"なつやすみは  なんにち＿＿＿＿  はじまりますか。 ";"から    ";"";"だけ    ";"では    ";"から    ";"まで"
"236";"1993";"N4";"しんぶんを  さがしましたが、どこ＿＿＿＿  ありません。";"にも    ";"";"にも    ";"でも    ";"までも    ";"へも"
"237";"1993";"N4";"パーティーは  なんじに  はじまる  ＿＿＿＿  知って  いますか。 ";"か    ";"";"か    ";"で    ";"を    ";"が"
"238";"1993";"N4";"おかねは  １０００円＿＿＿＿  あります。 ";"ぐらい    ";"";"ぐらい    ";"ごろ    ";"しか    ";"にも"
"239";"1993";"N4";"かさは  そこ  ＿＿＿＿  おいて  ください。 ";"に";"";"と    ";"が    ";"を    ";"に"
"240";"1993";"N4";"わたしは  あまり  ＿＿＿  ありませんでした。";"じょうぶでは ";"";"じょうぶでは    ";"じょうぶな    ";"じょうぶには    ";"じょうぶだ "
"241";"1993";"N4";"わたしの  へやは  ＿＿＿＿  ないです。";"ひろく";"";"ひろいく    ";"ひろいでは    ";"ひろく    ";"ひろい "
"242";"1993";"N4";"あの  子は  うたを  ＿＿＿  うたいます。";"じょうずに";"";"じょうず    ";"じょうずな    ";"じょうずに    ";"じょうずで "
"243";"1993";"N4";"字を  もう  すこし  ＿＿＿＿  かきましょう。";"大きく";"";"大きい    ";"大きく    ";"大きいに    ";"大きくに "
"244";"1993";"N4";"わたしは  もっと  ＿＿＿＿  たいです。";"はなし";"";"はなし    ";"はなす    ";"はなした    ";"はなします "
"245";"1993";"N4";"ここで  ＿＿＿  ください。";"あそばないで ";"";"あそばない    ";"あそばなく    ";"あそばなくて    ";"あそばないで "
"246";"1993";"N4";"わたしは  きのう  ＿＿＿＿  まえに、てがみを  かきました。";"ねる";"";"ねる    ";"ねた    ";"ねるの    ";"ねたの"
"247";"1993";"N4";"きのう  本を＿＿＿＿  に  行きました。 ";"かい";"";"かって    ";"かう    ";"かわ    ";"かい"
"248";"1993";"N4";"わたしは  おんがくを  ＿＿＿  ながら  べんきょうします。 ";"きき ";"";"きく    ";"きき    ";"きいた    ";"きいて"
"249";"1993";"N4";"あした  山田さんが  ＿＿＿  人は  だれですか。";"きいて ";"";"あって    ";"あいます    ";"あった    ";"あう"
"250";"1993";"N4";"「いま  すぐ  ビールを  のみますか。」「いいえ、おふろに  ＿＿＿から  のみます。」";"はいって ";"";"はいる    ";"はいり    ";"はいります    ";"はいって "
"251";"1993";"N4";"かべに  ポスターが  はって＿＿＿。";"あります    ";"";"います    ";"なります    ";"あります    ";"します"
"252";"1993";"N4";"この  えは  わたしが  きのう  こうえんで  ＿＿＿えです。";"かいた     ";"";"かく    ";"かかない    ";"かいた    ";"かいて"
"253";"1993";"N4";"こどもは  ゆうべ  ばんごはんを  ＿＿＿＿  ねました。";"たべないで     ";"";"たべなくて    ";"たべないで    ";"たべない    ";"たべなく"
"254";"1993";"N4";"しんぶんは  あまり＿＿＿＿。";"よみません    ";\N;"よみます    ";"よみません    ";"よんで  ください    ";"よみましょう"
"255";"1993";"N4";"「りょこうは  ＿＿＿でしたか。」 「たのしかったです。」";"どう    ";"";"どう    ";"いつ    ";"なぜ    ";"だれ "
"256";"1993";"N4";"「＿＿＿  しごとを  やすみましたか。」「びょうきだったからです。」";"どうして    ";"";"どこの    ";"どなたが    ";"どうして    ";"どのぐらい "
"257";"1993";"N4";"「それは  ＿＿＿  の  国の  きってですか。」「日本のです。」";"どこ ";"";"なに    ";"どれ    ";"いつ    ";"どこ"
"258";"1993";"N4";"「パーティーでは  どんな  ＿＿＿を  のみましたか。」 「ジュースや  コーラを  のみました。」";"もの    ";"";"ひと    ";"こと    ";"もの    ";"とき"
"259";"1993";"N4";"びょうきで  きょう  いちにち、＿＿＿＿  たべませんでした。";"なにも ";"";"なにに    ";"なにか    ";"なんで    ";"なにも"
"260";"1993";"N4";"＿＿＿＿  ください。";"りんごを  ３つ    ";\N;"りんごを  ３つを    ";"りんごを  ３つ    ";"りんごが  ３つを    ";"りんごが  ３つ"
"261";"1993";"N4";"Ａ「おにいさんは  おげんきですか。」 Ｂ「＿＿＿＿。」";"はい、おかげさまで    ";"";"はい、おかげさまで    ";"あ、どういたしまして    ";"いいえ、ありがとう    ";"ええ、すみません"
"262";"1993";"N4";"Ａ「さとうさんは  もう  来ましたか。」 Ｂ「＿＿＿＿。」";"いいえ、まだです    ";"";"いいえ、来ませんでした     ";"いいえ、まだです    ";"はい、そうです    ";"はい、も うです"
"263";"1993";"N4";"あ「えきから  がっこうまでは  とおいですか。」 Ｂ「いいえ、＿＿＿＿。」=あるいて  ３ぷぶんです    ";"あるいて  ３ぷぶんです    ";\N;"あるいて  ３ぷん  かかります    ";"３ぷん  あるきます    ";"３ぷん  あるいて  います";""
"264";"1993";"N4";"「うちで  この  本を  よんで  ください。すこし  むずかしいですが、とても  （ア）ですから、 ばんばって  ください。知らない（イ）が  はいって  いますが、はじめは  じしょを  ひかない で  ぜんぶ（ウ）ください。つぎに  じしょを  ひきながら  もう  （エ）  よんで  ください。いいで すか。２かい  よんですよ。」 ";"おもしろい   ";"";"おもしろい    ";"つまらない    ";"やさしい    ";"むずかしい "
"265";"1993";"N4";"「うちで  この  本を  よんで  ください。すこし  むずかしいですが、とても  （ア）ですから、 ばんばって  ください。知らない（イ）が  はいって  いますが、はじめは  じしょを  ひかない で  ぜんぶ（ウ）ください。つぎに  じしょを  ひきながら  もう  （エ）  よんで  ください。いいで すか。２かい  よんですよ。」 ";"ことば    ";"";"本    ";"ことば    ";"じしょ    ";"人 "
"266";"1993";"N4";"「うちで  この  本を  よんで  ください。すこし  むずかしいですが、とても  （ア）ですから、 ばんばって  ください。知らない（イ）が  はいって  いますが、はじめは  じしょを  ひかない で  ぜんぶ（ウ）ください。つぎに  じしょを  ひきながら  もう  （エ）  よんで  ください。いいで すか。２かい  よんですよ。」 ";"よんで    ";"";"はなして    ";"よんで    ";"ひいて    ";"はいって "
"267";"1993";"N4";"「うちで  この  本を  よんで  ください。すこし  むずかしいですが、とても  （ア）ですから、 ばんばって  ください。知らない（イ）が  はいって  いますが、はじめは  じしょを  ひかない で  ぜんぶ（ウ）ください。つぎに  じしょを  ひきながら  もう  （エ）  よんで  ください。いいで すか。２かい  よんですよ。」 ";"いちど	";"";"いっさつ    ";"ひとり    ";"いっぽん    ";"いちど"
"268";"1993";"N4";"きのう  ケーキを  １０こ  かった。ばんごはんの  あと  いもうとと  ふたりで  ２こずつ たべた。おいしかった。";"6こ   ";" ケーキは  いま  いくつ  ありますか。";"2こ    ";"4こ    ";"6こ    ";"8こ"
"269";"1993";"N4";"サングラスと  いうのは  ふつう  なつの  てんきの  いい  日に  かける  めがねだが、 わたしは  ふゆに  よく  つかう。日本では  ふゆみ  よく  つよい  風が  ふくからだ。";"風が  つよいからです";"この  人が  サングラスを  かけるのは  どうしてですか。";"風が  つよいからです";"さむいからです";"てんきが  いいからです ";"あついからです"
"270";"1993";"N4";"こんしゅうの  もくよう日の  パーティーに  出る  人は、まえの  日に  キムさんに  ６０ ０円  はらって  ください。おかねを  はらって  パーティーに  来なかった  人には、つぎの 日に  キムさんが  はんぶん  かえします。";"きんよう日に  ３００円  かえします。";" りんさんは  おかねを  はらいましたが、パーティーに  行きませんでした。キムさん は  りんさんに  いつ  いくら  かえしますか。";"もくよう日に  ６００円  かえします。 ";"きんよう日に  ３００円  かえします";"きんよう日に  ６００円  かえします。 ";"きんよう日に  ３００円  かえします。"
