1991,N3,自分で旅行を計画するのは楽しいです。,A,自分    ,じぶん    ,ちっぷん   ,じっぷん    ,ちぶん
1991,N3,自分で旅行を計画するのは楽しいです。,C,旅行    ,りゅうこ    ,りょうこ   ,りょこう    ,りゅこう
1991,N3,自分で旅行を計画するのは楽しいです。,A,計画    ,けいかく    ,けいが   ,けかく    ,けが
1991,N3,自分で旅行を計画するのは楽しいです。,D,楽しい    ,うれしい    ,いそがしい   ,うつくしい    ,たのしい 
1991,N3,その学生は毎日地下鉄で大学に通っています。,D,地下鉄    ,じげてつ    ,じかてつ   ,ちげてつ    ,ちかてつ
1991,N3,その学生は毎日地下鉄で大学に通っています。,B,通って    ,とおって    ,かよって   ,かえって    ,いって
1991,N3,姉がいつも食事の用意をしてくれます。,C,姉    ,いもうと    ,おとうと   ,あね    ,あに
1991,N3,姉がいつも食事の用意をしてくれます。,A,食事    ,しょくじ    ,しょうじ   ,そくじ    ,そうじ
1991,N3,姉がいつも食事の用意をしてくれます。,B,用意    ,よい    ,ようい   ,よじ    ,ようじ 
1991,N3,電話代は夜の間と日曜日が安いです。,C,電話代    ,でんわちん    ,でんわきん   ,でんわだい     ,でんわりょう
1991,N3,電話代は夜の間と日曜日が安いです。,B,夜    ,ひる    ,よる   ,あさ    ,ばん
1991,N3,電話代は夜の間と日曜日が安いです。,D,間    ,うち    ,ま   ,かん    ,あいだ
1991,N3,電話代は夜の間と日曜日が安いです。,D,安い    ,あまい    ,うまい   ,ちかい    ,やすい
1991,N3,この町の人口は去年より多くなりました。,B,町    ,むら    ,まち   ,とし    ,へん
1991,N3,この町の人口は去年より多くなりました。,A,人口    ,じんこう    ,にんこう   ,にんごう    ,じんごう
1991,N3,この町の人口は去年より多くなりました。,D,去年    ,きょうねん    ,さくねん   ,さっねん    ,きょねん
1991,N3,この町の人口は去年より多くなりました。,D,多く    ,おそく    ,おもく   ,おおきく    ,おおく 
1991,N3,その店の主人はいつも着物を着ています。,C,店    ,てん    ,こや   ,みせ    ,うち
1991,N3,その店の主人はいつも着物を着ています。,A,主人    ,しゅじん    ,しゅうじん   ,しゅにん    ,しゅうにん
1991,N3,その店の主人はいつも着物を着ています。,B,着物    ,おきもの    ,きもの    ,はきもの    ,かきもの
1991,N3,このへやはあかるくて ひろいので、しごとがしやすいです。,A,へや    ,部屋    ,部室   ,戸屋    ,戸室
1991,N3,このへやはあかるくて ひろいので、しごとがしやすいです。,A,あかるくて    ,明るくて    ,早るくて   ,赤るくて    ,軽るくて
1991,N3,このへやはあかるくて ひろいので、しごとがしやすいです。,C,ひろい    ,青い    ,白い   ,広い    ,長い
1991,N3,このへやはあかるくて ひろいので、しごとがしやすいです。,D,しごと    ,作業    ,仕業   ,作事    ,仕事
1991,N3,えきのばいてんでしんぶんをかいました。電車のせきがあいていなかったのでたった ままよみました。,A,えき    ,駅    ,験   ,駐    ,駆
1991,N3,えきのばいてんでしんぶんをかいました。電車のせきがあいていなかったのでたった ままよみました。,B,ばいてん    ,買店    ,売店   ,購店    ,飯店
1991,N3,えきのばいてんでしんぶんをかいました。電車のせきがあいていなかったのでたった ままよみました。,D,せき    ,度    ,座   ,庄    ,席
1991,N3,えきのばいてんでしんぶんをかいました。電車のせきがあいていなかったのでたった ままよみました。,B,あいて    ,開いて    ,空いて   ,空いて    ,合いて
1991,N3,えきのばいてんでしんぶんをかいました。電車のせきがあいていなかったのでたった ままよみました。,C,たった    ,足った    ,発った   ,立った    ,建った
1991,N3,音楽会は7時にはじまります。きゅうこう電車でいかなくてもまにあいますよ。,D,はじまり    ,開まり    ,発まり   ,初まり    ,始まり
1991,N3,音楽会は7時にはじまります。きゅうこう電車でいかなくてもまにあいますよ。,C,きゅうこう    ,早急    ,救急   ,急行    ,急走
1991,N3,音楽会は7時にはじまります。きゅうこう電車でいかなくてもまにあいますよ。,B,まにあい    ,真に合い    ,間に合い   ,間に会い    ,真に会い
1991,N3,毎日漢字を15ずつならいます。こくばんの字をちゅういしながらノートにうつします。,A,ならい    ,習い    ,学い   ,慣い    ,覚い
1991,N3,毎日漢字を15ずつならいます。こくばんの字をちゅういしながらノートにうつします。,C,ちゅうい    ,集合    ,集中   ,注意    ,注目
1991,N3,毎日漢字を15ずつならいます。こくばんの字をちゅういしながらノートにうつします。,B,うつし    ,映し    ,写し   ,移し    ,画し
1991,N3,シャツのうりばは、このうえの３がいです。あの_______でいってください。 ,D,Choisir une réponse pour ___________,ドア    ,タクシー   ,サンダル    ,エスカレーター
1991,N3,じゅぎょうがおわってから、まいにち、ピンポンの_______をします。 ,C,Choisir une réponse pour ___________,しゅみ    ,うんどう   ,れんしゅう    ,しゅうかん
1991,N3,わたしはじてんしゃを_______もっています。 ,A,Choisir une réponse pour ___________,にだい    ,にさい   ,にほん    ,にまい
1991,N3,このみずうみの_______はどのくらいですか。 ,A,Choisir une réponse pour ___________,ふかさ    ,あつさ   ,さむさ    ,おもさ
1991,N3,きょうしつのかべにきれいなえが_______あります。 ,B,Choisir une réponse pour ___________,のせて    ,かけて   ,おいて    ,つけて
1991,N3,だれでもテストを_______のはすきではありません。 ,C,Choisir une réponse pour ___________,とる    ,もつ   ,うける    ,ひろう
1991,N3,あつかったら、どうぞうわぎを_______ください。 ,D,Choisir une réponse pour ___________,はずして    ,むいて   ,すてて    ,ぬいで
1991,N3,がくせいたちはきょうしつでやまだせんせいににほんごを_______います。 ,A,Choisir une réponse pour ___________,ならって    ,つくって   ,おぼえて    ,べんきょうして
1991,N3,わたしはやまださんににもつをもって_______。,B,Choisir une réponse pour ___________,あげました    ,もらいました   ,くれました    ,やりました
1991,N3,いそがないで、_______やってください。,C,Choisir une réponse pour ___________,はっきり    ,うっかり   ,ゆっくり    ,すっかり
1991,N3,やまださんのおじょうさんはなんさいですか。 ,B,Choisir une réponse,やまださんのむすこさんはなんさいですか。 ,やまださんのむすめさんはなんさいですか。 ,やまださんのおにいさんはなんさいですか。 ,やまださんのおねえさんはなんさいですか。
1991,N3,わたしはきのうコンサートにいきました。,C,Choisir une réponse,わたしはきのうがいこくのえいがをみにいきました。 ,わたしはきのうかいものにいきました。,わたしはきのうおんがくをききにいきました。 ,わたしはきのうこうえんへえをかきにいきました。
1991,N3,わたしはきのうとこやへいきました。,A,Choisir une réponse,わたしはきのうかみをきってもらいにいきました,わたしはきのうびょうきをなおしてもらいにいきました。,わたしはきのうシャツやズボンをあらってもらいにいきました。 ,わたしはきのうくるまのうんてんをおしえてもらいにいきました。
1991,N3,へやのでんきをつけました。 ,C,Choisir une réponse,へやをあたたかくしました。,へやをすずしくしました。 ,へやをあかるくしました。 ,へやをくらくしました。
1991,N3,これはだいじなものです。 ,D,Choisir une réponse,これはりっぱなものです。 ,これはたいせつなものです。 ,これはじょうぶなものです。 ,これはふるいものです。
1991,N3,がくせいがきょうしつに「のこっています」。,B,Choisir une réponse,がくせいはまだだれもきょうしつへきていません。 ,がくせいはもうみんなきょうしつへきています。 ,きょうしつには、がくせいはもうだれもいません。,きょうしつには、がくせいがまだいます。
1991,N3,やまださんはゆうべなくなったそうです。,B,Choisir une réponse,やまださんはゆうべおかねをなくしたそうです。 ,やまださんはゆうべどこかへいったそうです。 ,やまださんはゆうべくにへかえったそうです。 ,やまださんはゆうべしんだそうです。
1991,N3,どうぞ、なんでもおっしゃってください。 ,D,Choisir une réponse,どうぞ、なんでもつかってください。 ,どうぞ、なんでもいってください。 ,どうぞ、なんでもたべてください。 ,どうぞ、なんでもみてください。
1991,N3,わたしはおもいびょうきをして、りょうしんにしんぱいをかけました。 ,A,Choisir une réponse,わたしがびょうきになったので、りょうしんはしんぱいしました。 ,りょうしんがびょうきになったので、わたしはしんぱいしました。,わたしがびょうきにならないように、りょうしんはいろいろとしんぱいをしています。 ,りょうしんがびょうきにならないように、わたしはいろいろとしんぱいをしています。
1991,N3,しごとをしながらわたしのはなしをきいてください。,D,Choisir une réponse,しごとをしないで、わたしのはなしをきいてください。 ,しごとをしてから、わたしのはなしをきいてください。 ,しごとをやめて、わたしのはなしをきいてください。 ,しごとをやめないで、わたしのはなしをきいてください。
1991,N3,一週間______2かいぐらいテニスをします。 ,D,Choisir une réponse pour ___________,が    ,も   ,と    ,に
1991,N3,りんごとバナナとではどちら______すきですか。 ,B,Choisir une réponse pour ___________,で    ,が   ,は    ,と
1991,N3,テレビの音______聞こえます。 ,C,Choisir une réponse pour ___________,を    ,に,が    ,で
1991,N3,兄はわたし______えいがにつれて行ってくれました。 ,D,Choisir une réponse pour ___________,と    ,に   ,が    ,を
1991,N3,この字はだれが書いた______わかりますか。 ,A,Choisir une réponse pour ___________,か    ,を   ,が    ,と
1991,N3,どんなこと______きいてください。お答えします。 ,A,Choisir une réponse pour ___________,でも    ,とか   ,から    ,まで
1991,N3,今年のなつは、去年のなつ______あつくありませんでしたね。 ,C,Choisir une réponse pour ___________,でも    ,しか   ,ほど    ,ごろ
1991,N3,このごろはじょうぶになったから、何______食べてもおいしいです。 ,C,Choisir une réponse pour ___________,も    ,に   ,を    ,が
1991,N3,その花はだれ______もらいましたか。 ,D,Choisir une réponse pour ___________,で    ,を   ,の    ,に
1991,N3,もう５時です。今から______６時の電車にまにあうでしょうか。 ,A,Choisir une réponse pour ___________,での    ,までも   ,とも    ,にも
1991,N3,あしたは９時______この教室に来てください。,B,Choisir une réponse pour ___________,での,までも,とも,にも
1991,N3,先生の話は知っていること______で、おもしろくなかったです。 ,B,Choisir une réponse pour ___________,しか    ,ばかり   ,ほど    ,より
1991,N3,きのう友だちが来た______、べんきょうができませんでした。 ,C,Choisir une réponse pour ___________,でも    ,だから   ,ので    ,ように
1991,N3,たくさんさとうを入れた______、まだあまくありません。 ,D,Choisir une réponse pour ___________,ばかり    ,とか   ,から    ,のに
1991,N3,友だちにかさをかりた______、かえすのをわすれていました。 ,B,Choisir une réponse pour ___________,あいだ    ,まま   ,だけ    ,ながら
1991,N3,これはあした母に______しゃしんです。,A,Choisir une réponse pour ___________,のま    ,のみ   ,のむ    ,のめ
1991,N3,日本では______とき、「さようなら」と言います。 ,A,Choisir une réponse pour ___________,かえる    ,かえって   ,かえった    ,かえっていた
1991,N3,おばあさんのにもつを______あげたら、おばあさんはとてもよろこびました。 ,B,Choisir une réponse pour ___________,もった    ,もって   ,もとう    ,もつと
1991,N3,あの人はほんとうに    のですか。,C,Choisir une réponse pour ___________,学生    ,学生だ   ,学生な    ,学生と
1991,N3,子どもたちにものをたいせつにする______いつも言っています。 ,D,Choisir une réponse pour ___________,ことが    ,ことに   ,ような    ,ように
1991,N3,子供はまだ3さいです。山の上まで______のはむりでしょう。 ,C,Choisir une réponse pour ___________,歩ける    ,歩かれる   ,歩かせる    ,歩いた
1991,N3,______そうなレストランだったので、入りませんでした。 ,B,Choisir une réponse pour ___________,たかい    ,たか   ,たかく    ,たかくて
1991,N3,わたしは子どものときけがをして入院______ことがあります。 ,D,Choisir une réponse pour ___________,する    ,しない   ,して    ,した
1991,N3,けさ、６時ごろから雨が______始めました。 ,B,Choisir une réponse pour ___________,ふる    ,ふり   ,ふって    ,ふったり
1991,N3,もし、ことばの意味が______、先生にしつもんしてください。,A,Choisir une réponse pour ___________, わからなかったら    ,わからなくて   ,わからないと    ,わからないで
1991,N3,「あの小さい字が______か。」 「はい、(にほん)と書いてあります。」,A,Choisir une réponse pour ___________,見えます    ,見せます   ,見ます    ,見ています
1991,N3,学生「わたしはかぜをひいてしまいました。あしたじゅぎょうを______ください。」 先生「はい、どうぞ。ゆっくり休んでください。」,B,Choisir une réponse pour ___________,休まれて    ,休ませて   ,休んで    ,休んでみて
1991,N3,かとう「あしたはサッカーのしあいです。もし雨が______しあいをします。がんばって ください。」 みんな「はい、がんばります。｣,D,Choisir une réponse pour ___________,ふるのに    ,ふるので   ,ふって    ,ふっても 
1991,N3,「このスープちょっとからくないですか。」「そうですか。ちょっとのんでみましょう。うーん、ちょっと______ですね。」,A,Choisir une réponse pour ___________,からいよう    ,からいらしい   ,からいため    ,からいそう
1991,N3,ドアを開けて、「ごめんください。」と言いました。 ______、ねこが3びき出てきました。,C,Choisir une réponse pour ___________,では    ,だから   ,すると    ,それなのに
1991,N3,田中：「ヤンさん、いつも本を読んでいますが、何かしけんを（ 1 ）べんきょうしているんです か。」 ヤン：「いいえ、これはわたしのしゅみなんです。子どものときからりょうしんがたくさん本を 買って（ 2 ）ので、すきになりました。｣ 田中：「どんな本をよく読みますか。」 ヤン：「れきしの本や科学の本がとくにすきです。おもしろくて、しょくじの時間をわすれて（ 3 ）こともあります。」田中：「それに、本はわたしたちにいろいろなことを（ 4 ）くれますね。」 ヤン：「これからも本をたくさん読んで（ 5 ）と思っています。」,C,Choisir une réponse pour 1,うけるように    ,うけさせるために   ,うけるために    ,うけさせるように 
1991,N3,田中：「ヤンさん、いつも本を読んでいますが、何かしけんを（ 1 ）べんきょうしているんです か。」 ヤン：「いいえ、これはわたしのしゅみなんです。子どものときからりょうしんがたくさん本を 買って（ 2 ）ので、すきになりました。｣ 田中：「どんな本をよく読みますか。」 ヤン：「れきしの本や科学の本がとくにすきです。おもしろくて、しょくじの時間をわすれて（ 3 ）こともあります。」田中：「それに、本はわたしたちにいろいろなことを（ 4 ）くれますね。」 ヤン：「これからも本をたくさん読んで（ 5 ）と思っています。」,B,Choisir une réponse pour 2,いただいた    ,くれた   ,さしあげた    ,あげた 
1991,N3,田中：「ヤンさん、いつも本を読んでいますが、何かしけんを（ 1 ）べんきょうしているんです か。」 ヤン：「いいえ、これはわたしのしゅみなんです。子どものときからりょうしんがたくさん本を 買って（ 2 ）ので、すきになりました。｣ 田中：「どんな本をよく読みますか。」 ヤン：「れきしの本や科学の本がとくにすきです。おもしろくて、しょくじの時間をわすれて（ 3 ）こともあります。」田中：「それに、本はわたしたちにいろいろなことを（ 4 ）くれますね。」 ヤン：「これからも本をたくさん読んで（ 5 ）と思っています。」,C,Choisir une réponse pour 3,いく    ,くる   ,しまう    ,おく 
1991,N3,田中：「ヤンさん、いつも本を読んでいますが、何かしけんを（ 1 ）べんきょうしているんです か。」 ヤン：「いいえ、これはわたしのしゅみなんです。子どものときからりょうしんがたくさん本を 買って（ 2 ）ので、すきになりました。｣ 田中：「どんな本をよく読みますか。」 ヤン：「れきしの本や科学の本がとくにすきです。おもしろくて、しょくじの時間をわすれて（ 3 ）こともあります。」田中：「それに、本はわたしたちにいろいろなことを（ 4 ）くれますね。」 ヤン：「これからも本をたくさん読んで（ 5 ）と思っています。」,C,Choisir une réponse pour 4,かんがえて    ,かんがえられて   ,かんがえさせて    ,かんがえさせられて 
1991,N3,田中：「ヤンさん、いつも本を読んでいますが、何かしけんを（ 1 ）べんきょうしているんです か。」 ヤン：「いいえ、これはわたしのしゅみなんです。子どものときからりょうしんがたくさん本を 買って（ 2 ）ので、すきになりました。｣ 田中：「どんな本をよく読みますか。」 ヤン：「れきしの本や科学の本がとくにすきです。おもしろくて、しょくじの時間をわすれて（ 3 ）こともあります。」田中：「それに、本はわたしたちにいろいろなことを（ 4 ）くれますね。」 ヤン：「これからも本をたくさん読んで（ 5 ）と思っています。」,B,Choisir une réponse pour 5,いく    ,いこう   ,くる    ,きて
1991,N3,ヤン：「今日のかいぎは何人ぐらいあつまるか知っていますか。」 田中：「いいえ、よくは（ 6 ）。」 ヤン：「そうですか。今日は小川先生が（ 7 ）と聞きましたよ。」 田中：「わたしも小川に（ 8 ）聞いて、楽しみにして来たんです。」 ヤン：「今夜は帰りがおそく（ 9 ）だけど、だいじょうぶですか。」 田中：「ええ、けさかぞくには（ 10 ）から、だいじょうぶです。」,A,Choisir une réponse pour 6,知りません    ,知ってありません   ,知っています    ,知らないでいます 
1991,N3,ヤン：「今日のかいぎは何人ぐらいあつまるか知っていますか。」 田中：「いいえ、よくは（6知りません）。」 ヤン：「そうですか。今日は小川先生が（ 7 ）と聞きましたよ。」 田中：「わたしも小川に（ 8 ）聞いて、楽しみにして来たんです。」 ヤン：「今夜は帰りがおそく（ 9 ）だけど、だいじょうぶですか。」 田中：「ええ、けさかぞくには（ 10 ）から、だいじょうぶです。」,D,Choisir une réponse pour 7,まいる    ,めしあがる   ,うかがう    ,いらっしゃる 
1991,N3,ヤン：「今日のかいぎは何人ぐらいあつまるか知っていますか。」 田中：「いいえ、よくは（6知りません）。」）。」 ヤン：「そうですか。今日は小川先生が（ 7 ）と聞きましたよ。」 田中：「わたしも小川に（ 8 ）聞いて、楽しみにして来たんです。」 ヤン：「今夜は帰りがおそく（ 9 ）だけど、だいじょうぶですか。」 田中：「ええ、けさかぞくには（ 10 ）から、だいじょうぶです。」,D,Choisir une réponse pour 8,なりそう    ,なるような   ,なりそうな    ,なるだろう 
1991,N3,ヤン：「今日のかいぎは何人ぐらいあつまるか知っていますか。」 田中：「いいえ、よくは（6知りません）。」）。」 ヤン：「そうですか。今日は小川先生が（ 7いらっしゃる ）と聞きましたよ。」 田中：「わたしも小川に（ 8なるだろう  ）聞いて、楽しみにして来たんです。」 ヤン：「今夜は帰りがおそく（ 9 ）だけど、だいじょうぶですか。」 田中：「ええ、けさかぞくには（ 10 ）から、だいじょうぶです。」,B,Choisir une réponse pour 10,言うつもりだ    ,言っておいた   ,言わないでいる    ,言おうと思った
1991,N3,伝言板 月日 9月16日 時間 18：00 伝言 かとうさんとすずきさんへ さきに行って、きっさてんでまっています。 ヤンより,C,まっているのはだれですか。,すずきさんです,かとうさんです,ヤンさんです,すずきさんとかとうさ んです リ
1991,N3,リー：「電気をけしましょうか。」 田中：「ラジャさんが来ますから、そのままにしておきましょう。」 リー：「はい、そうします。」 ,A,リーさんはどうしますか。 ,電気をけしません。 ,電気をけします。,電気をつけます。 ,電気をつけません。
1991,N3,田中：「リーさんはどんなところへ行きたいですか。」 リー：「そうですね。リンさんは京都のような町へ行きたいって言っていましたけど、わたしは しずかな山の中ですね。」（1）,B,リーさんはリンさんと山へ行きたいと言っていますか。 ,リーさんはしずかな山へ行きたいと言っています。 ,リーさんはどんなところへ行きたいと言っていますか。 ,リーさんはしずかな京都へ行きたいと言っています。 ,リーさんは田中さんと京都へ行きたいと言っています。
1991,N3,工場見学のおしらせ あしたは11時から 自動車工場の見学です。学校を10時に出発できるよう10分前にあつまっ てください。あつまる場所は南門です。（1） ,C,学校の南門に、9時50分です。,学校の南門に、9時50分です。,工場の南門に、10時10分です。,学校の南門に、9時50分です。,工場の南門に、9時50分です。
1991,N3,山川  「あ、もう11時。すぐ帰らなくちゃ。」      ヤン  「もう帰るんですか。あしたは日曜日で、休みでしょ。      山川  「でも電車がなくなりますから。」（1）,A,この会話では、山川さんはこれからどうするつもりですか。 ,電車で帰ります。,まで帰りません。 ,タクシーで帰ります。 ,今日は帰りません。
1991,N3,きのう母をおくりにくうこうへ行った。デッキで母がのったひこうきがとんでいくのをじっと見て いたら、国へ帰りたくなった。（1）,D,この文からわかることはつぎのどれですか。 , きのうこの人はおかあさんと国へ帰った。,きのうこの人のおかあさんはくうこうへこの人をおくりに来た。 ,きのうこの人とおかあさんはくうこうへひこうきを見に行った。 ,きのうこの人のおかあさんは国へ帰った.
1991,N3,ヤンさん、9月10日のお手紙、今日着きました。毎月月はじめに着くお手紙が今月は10日を すぎても来ません。それで、日本語のべんきょうがいそがしいのか、病気をしたのかとむす めと話をしていました。お手紙読んでほんとうにびっくりしました。じこの後、すぐに病院でよくしらべたそうです が、ほんとうにもうだいじょぶなのですか。9月22日にはしごとで東京へ行きます。その後で あなたのアパートへ行きたいと思います。じこのこと、けがのようす、その後のことをもっと 知りたいと思います。電話ではよくわかりませんでしたからね。そして、あなたの元気なかお が見たいです。ですから、その日のつごうはどうか、電話で知らせてください。夜ならいつで も家にいますから。とにかく、雨の日にかさをさして、自動車にのることはもう二度としないでくださいね。で は、22日に会いましょう。おだいじに。9月12日京都市  山田よし子.,C,ヤンさんの手紙はいつ着きましたか。 ,9月1日,9月10日 ,9月12日 ,9月22日
1991,N3,ヤンさん、9月10日のお手紙、今日着きました。毎月月はじめに着くお手紙が今月は10日を すぎても来ません。それで、日本語のべんきょうがいそがしいのか、病気をしたのかとむす めと話をしていました。お手紙読んでほんとうにびっくりしました。じこの後、すぐに病院でよくしらべたそうです が、ほんとうにもうだいじょぶなのですか。9月22日にはしごとで東京へ行きます。その後で あなたのアパートへ行きたいと思います。じこのこと、けがのようす、その後のことをもっと 知りたいと思います。電話ではよくわかりませんでしたからね。そして、あなたの元気なかお が見たいです。ですから、その日のつごうはどうか、電話で知らせてください。夜ならいつで も家にいますから。とにかく、雨の日にかさをさして、自動車にのることはもう二度としないでくださいね。で は、22日に会いましょう。おだいじに。9月12日京都市  山田よし子.,A,ヤンさんの手紙がおそくなったのはどうしてですか。 ,ヤンさんがじこでけがをしたからです。,ヤンさんがべんきょうでいそがしかったからです。 ,ヤンさんが病気だったからです。,ヤンさんがしごとで東京に行っていたからです。 
1991,N3,ヤンさん、9月10日のお手紙、今日着きました。毎月月はじめに着くお手紙が今月は10日を すぎても来ません。それで、日本語のべんきょうがいそがしいのか、病気をしたのかとむす めと話をしていました。お手紙読んでほんとうにびっくりしました。じこの後、すぐに病院でよくしらべたそうです が、ほんとうにもうだいじょぶなのですか。9月22日にはしごとで東京へ行きます。その後で あなたのアパートへ行きたいと思います。じこのこと、けがのようす、その後のことをもっと 知りたいと思います。電話ではよくわかりませんでしたからね。そして、あなたの元気なかお が見たいです。ですから、その日のつごうはどうか、電話で知らせてください。夜ならいつで も家にいますから。とにかく、雨の日にかさをさして、自動車にのることはもう二度としないでくださいね。で は、22日に会いましょう。おだいじに。9月12日京都市  山田よし子.,D,ヤンさんはこの手紙を読んで、何をしますか。,山田さんに手紙を書きます。 ,山田さんの電話をまちます。 ,山田さんの手紙をまちます。 ,山田さんに電話をかけます。
1991,N4,車の中に男の子が何人いますか,B,車,しゃ,くるま,ちゃ,くろま
1991,N4,車の中に男の子が何人いますか,A,中,なか,なっか,ちゅう,ちゅん
1991,N4,車の中に男の子が何人いますか,B,男の子,おんなのこ,おとこのこ,おどこのこ,おうなのこ
1991,N4,車の中に男の子が何人いますか,D,何人,なにひと,なんじん,なにじん,なんにん
1991,N4,一日は二十四時間です。そして、一時間は六十分で、一分は六十びょうです。,D,一日,ついたち,ひとひ,いちじつ,いちにち
1991,N4,一日は二十四時間です。そして、一時間は六十分で、一分は六十びょうです,C,二十四時間,にじゅうしじげん,にじゅうよんじけん,にじゅうよじかん	にじゅうしじかん,にじゅうしじかん
1991,N4,一日は二十四時間です。そして、一時間は六十分で、一分は六十びょうです,A,一分,いっぷん,いちふん,いちぶ,いちぶん
1991,N4,雨の日は外へ出ないで、家でゆっくり休みます。,B,雨,かぜ,あめ,ゆき,くも
1991,N4,雨の日は外へ出ないで、家でゆっくり休みます。,A,外,そと,はか,どこ,うち
1991,N4,雨の日は外へ出ないで、家でゆっくり休みます。,C,出ない,いかない,こない,でない,やらない
1991,N4,雨の日は外へ出ないで、家でゆっくり休みます。,C,家,へや,しつ,いえ,みせ
1991,N4,雨の日は外へ出ないで、家でゆっくり休みます。,D,休み,のみ,たのみ,すみ,やすみ
1991,N4,先に食べてください。わたしは後で食べます。,D,先に,せんに,つぎに,すぐに,さきに
1991,N4,先に食べてください。わたしは後で食べます。,C,食べて,とべて,のべて,たべて,くべて
1991,N4,先に食べてください。わたしは後で食べます。,A,後で,あとで,にちで,ごで,こうで
1991,N4,えきのまえでバスをおります。そして、みなみのほうへ00メートルぐらいいってください。ひだりがわにおおきいホテルがあります。,B,まえ,後,前,先,間
1991,N4,えきのまえでバスをおります。そして、みなみのほうへ00メートルぐらいいってください。ひだりがわにおおきいホテルがあります。,C,みなみ,東,西,南,北
1991,N4,えきのまえでバスをおります。そして、みなみのほうへ00メートルぐらいいってください。ひだりがわにおおきいホテルがあります。,D,いって,言って,走って,入って,行って
1991,N4,えきのまえでバスをおります。そして、みなみのほうへ00メートルぐらいいってください。ひだりがわにおおきいホテルがあります。,A,ひだり,左,在,石,右
1991,N4,えきのまえでバスをおります。そして、みなみのほうへ00メートルぐらいいってください。ひだりがわにおおきいホテルがあります。,D,おおきい,高きい,多きい,広きい,大きい
1991,N4,ちちのたんじょうびにねくたいとわいしゃつをあげました。,D,ちち,母,姉,兄,父
1991,N4,ちちのたんじょうびにねくたいとわいしゃつをあげました。,A,ねくたい,ネクタイ,ネタクイ,スクタイ,スタクイ
1991,N4,ちちのたんじょうびにねくたいとわいしゃつをあげました。,C,わいしゃつ,ウイシャツ,ウイシュツ,ワイシャツ,ワイシュツ
1991,N4,こんしゅうのすいようびのしんぶんがありますか。,C,こんしゅう,来週,先週,今週,近週
1991,N4,こんしゅうのすいようびのしんぶんがありますか,B,しんぶん,新文,新聞,新分,新本
1991,N4,_____、えいがをみにいきませんか。,C,Choisir une réponse pour ___________,ゆうべ,きのう,あして,おととい
1991,N4,わたしはいつも_____をききながらべんきょうします。,B,Choisir une réponse pour ___________,ぺん,ラジオ,テープル,ストーブ
1991,N4,わたしのすきなのみものは_____です。,B,Choisir une réponse pour ___________,おかし,こうちゃ,みかん,ねこ
1991,N4,わたしはじてんしゃを_____もっています。,A,Choisir une réponse pour ___________,にだい,にさつ,にほん,にまい
1991,N4,この_____じしょはだれのですか。,D,Choisir une réponse pour ___________,ほそい,まるい,みじかい,ちいさい
1991,N4,ちちはことし80さいですが、_____です。,A,Choisir une réponse pour ___________,げんき,けっこう,ざんねん,かんたん
1991,N4,あめがふっています。みんなかさを_____います。,C,Choisir une réponse pour ___________,あけて,あげて,さして,つけて
1991,N4,がくせいたちはきょうしつでやまだせんせいににほんごを_____います。,A,Choisir une réponse pour ___________,ならって,つくって,おぼえて,べんきょうして
1991,N4,やまださんはあかいぼうしを_____います。,D,Choisir une réponse pour ___________,きた,しめて,はいて,かぶって
1991,N4,やまださんたいていおふろにはいって、_____ねます。,B,Choisir une réponse,ちょうど,すぐに,まだ,だんだん
1991,N4,にちようびはしょくどうがやすみです。,D,Choisir une réponse,にちようびはしょくどうがあいています。,にちようびはしょくどうがこんでいますに,ちようびはしょくどうがやっています。,にちようびはしょくどうがしまっています。
1991,N4,このえはきらいです。,C,Choisir une réponse,このえはすきです。,このえはきれいです。,このえはすきではありません。,このえはきれいではありません。
1991,N4,へやのでんきをつけました。,C,Choisir une réponse,へやをあたたかくしました。,へやをすずしくしました。,へやをあかるくしました。,へやをくらくしました。
1991,N4,これはせっけんです。,A,Choisir une réponse,これはなにかをあらうときにつかいます。,これはなにかをつくるときにつかいます。,これはなにかをきくときにつかいます。,これはなにかをみるときにつかいます。
1991,N4,このもんだいはむずかしくありません。,B,Choisir une réponse,このもんだいはできません。,このもんだいはやさしいです。,このもんだいはみじかいです。,このもんだいはわかりません。
1991,N4,わたしたちはえきまでバス＿＿＿＿行きましょう。,D,Choisir une réponse pour ___________,を,に,が,で
1991,N4,「あなたのかばんはどれですか。」「わたしのかばんはあのくろい＿＿＿＿です。」,A,Choisir une réponse pour ___________,の,に,か,と
1991,N4,わたしはあしたかいもの＿＿＿行きます。,B,Choisir une réponse pour ___________,が,に,を,で
1991,N4,ゆびんきょく＿＿＿＿どこですか。,C,Choisir une réponse pour ___________,で,が,は,を
1991,N4,わたしはいそがしいから、だれ＿＿＿あいません。,C,Choisir une réponse pour ___________,では,へも,にも,とは
1991,N4,「きょうの ごごはどこ＿＿＿行きますか。」「はい、だいがくへ行きます。」,A,Choisir une réponse pour ___________,かへ,にも,でも,へも
1991,N4,わたしはきのうこうえん＿＿＿＿しゃしんをとりました。,D,Choisir une réponse pour ___________,に,へ,が,で
1991,N4,あの人はどこ＿＿＿来ましたか。,C,Choisir une réponse pour ___________,だけ,など,から,でも
1991,N4,きのうのよるはあめ＿＿＿つよく ふりましたね。,D,Choisir une réponse pour ___________,と,に,を,が
1991,N4,ここにはなに＿＿＿ありません。,B,Choisir une réponse pour ___________,に,も,を,と
1991,N4,まいあさ、学生たちがおおぜいこのみち＿＿＿とおります。,D,Choisir une réponse pour ___________,に,と,で,を
1991,N4,あのみぜには どんな ものがある＿＿＿＿おしえてください。,C,Choisir une réponse pour ___________,も,で,か,と
1991,N4,わたしはともだち＿＿＿＿テニスをします。,A,Choisir une réponse pour ___________,と,を,は,で
1991,N4,せんせいはきょうしつ＿＿＿＿はいりました。,A,Choisir une réponse pour ___________,に,を,や,で
1991,N4,このしごとは１じかん＿＿＿かかるでしょう。,B,Choisir une réponse pour ___________,しか,ぐらい,ながら,ごろ
1991,N4,学生は ５人いますが、ケーキはみっつ＿＿＿ありません。,A,Choisir une réponse pour ___________,しか,など,では,だけ
1991,N4,ともだちは よる ８じ＿＿＿＿ 来ました。,B,Choisir une réponse pour ___________,の,ごろ,や,ぐらい
1991,N4,きのうは＿＿＿＿。,C,Choisir une réponse pour ___________,さむくでした,さむくなうです,さむくなかったです,さむくなくでした
1991,N4,あのみせの ケーキは＿＿＿おいしいですね。,B,Choisir une réponse pour ___________,やすいと,やすくて,やすいで,やすさ
1991,N4,このくつは＿＿＿＿とてもいいです。,D,Choisir une réponse pour ___________,じょうぶな,じょうぶの,じょうぶに,じょうぶで
1991,N4,あの 人は まいあさ こうえんを＿＿＿＿ します。,B,Choisir une réponse pour ___________,きれいだ,きれいに,きれいな,きれいく
1991,N4,ここは あまり＿＿＿ね。,A,Choisir une réponse pour ___________,しずかではありません,しずかです,しずかでした,しずかではなくです
1991,N4,わたしは きのう どこへも＿＿＿＿。,C,Choisir une réponse pour ___________,行きましょう,行きました,行きませんでした,行きます
1991,N4,ドアが しまって＿＿＿＿。しめてください。,B,Choisir une réponse pour ___________,ありません,いません,あります,います
1991,N4,ノートに なまえが かいて＿＿＿＿。,A,Choisir une réponse pour ___________,あります,います,します,なります
1991,N4,あたなが きのう ＿＿＿＿えいがのなまえを おしえてください。,D,Choisir une réponse pour ___________,みて,みます,みる,みた
1991,N4,わたしは けさ ごはんを＿＿＿＿来ました。,C,Choisir une réponse pour ___________,たべない,たべなく,たべないで,たべなかった
1991,N4,べんきょう＿＿＿＿ あとで、シャワーを あびます。,D,Choisir une réponse pour ___________,する,するの,したの,した 
1991,N4,あの人は しんぶんを＿＿＿＿ながらごはんをたべます。,A,Choisir une réponse pour ___________,よみ,よむ,よんで,よみます
1991,N4,わたしの じしょが ありません。あなたのじしょを＿＿＿。,A,Choisir une réponse pour ___________,かしてくださいませんか,かしましょう,かしませんか,かすでしょう
1991,N4,きのう わたしは たくさん かいものを しました。いま おかねは もう＿＿＿。,B,Choisir une réponse pour ___________,あります,ありません,ありました,ありませんでした
1991,N4,「にほんごは＿＿＿ですか。」「とても むずかしいです。」,A,Choisir une réponse pour ___________,どう,なん,どこ,だれ
1991,N4,「＿＿＿ごはんをたべませんか。」「おなかが いたいからです。」,D,Choisir une réponse pour ___________,なにか,どのぐらい,だれか,どうして
1991,N4,＿＿＿＿が あなたの かばんですか。,C,Choisir une réponse pour ___________,どこ,どの,どれ,どんな
1991,N4,あの人は＿＿＿ の くにの 人ですか。,A,Choisir une réponse pour ___________,どこ,どの,どれ,どんな
1991,N4,「きのう＿＿＿＿ うんどうしましたか。」「１じかん うんどうしました。」,D,Choisir une réponse pour ___________,どんな,いくつ,なぜ,どのぐらい
1991,N4,わたしは まいばん しんぶんを よみます。＿＿＿＿、ラジヲをききます。,B,Choisir une réponse pour ___________,しかし,それから,でも,それでは
1991,N4,すみません。この かさは だれのですか。,D,Choisir une réponse,「「だれのか わかりません。」,「いいえ、だれのでは ありません。」,「それは、だれのです。」,「だれのか わかりません。」
1991,N4,あついから、まどを あけて ください,B,Choisir une réponse,「はい、どういたしまして。」,「はい、わかりました」,「はい、どうも ありがとう ございます」,「はい、けっこうです。」
1991,N4,「すみません。この あかいシャツを ください。いくらですか。」,C,Choisir une réponse,「はい、これはシャツです」,「はい、３まいです」,「はい、３０００円です」,「はい、あかいです。」
1991,N4,「ここで  すこし  やすみましょう。」,D,Choisir une réponse,「そうです。」,「どういたしまして。」,「ごちそうさま。」,「そうしましょう。」
1991,N4,「いっしょに  ピンポンを  しませんか。」,A,Choisir une réponse,「はい、しましょう。」,「はい、しません。」,「はい、わたしです。」,「はい、そうです。」
1993,N4,この古い本は三千六百円です。,D,古い    ,ほそい    ,やすい    ,ふとい    ,ふるい
1993,N4,この古い本は三千六百円です。,C,本    ,はん    ,ばん    ,ほん    ,ぼん
1993,N4,この古い本は三千六百円です。,B,三千六百円    ,さんせんろくひゃくえん    ,さんぜんろっぴゃくえん    ,さんぜんろくひゃくえん    ,さんせんろっぴゃくえん
1993,N4,来週の金よう日はやましたさんのたんじょう日です。,A,来週    ,らいしゅう    ,こんしゅう    ,せんしゅう    ,まいしゅう
1993,N4,来週の金よう日はやましたさんのたんじょう日です。,C,金よう日    ,すいようび    ,もくようび    ,きんようび    ,げつようび
1993,N4,えきの西口を出て、三つめのかどを右にまがってください。,C,西口    ,きたぐち    ,きたもん    ,にしぐち    ,にしもん
1993,N4,えきの西口を出て、三つめのかどを右にまがってください。,D,だして    ,だて    ,でって    ,でて,
1993,N4,えきの西口を出て、三つめのかどを右にまがってください。,C,三つめ    ,さんつめ    ,いくつめ    ,みっつめ    ,ふたつめ
1993,N4,えきの西口を出て、三つめのかどを右にまがってください。,B,右    ,みち    ,みぎ     ,ひだり    ,ひがし
1993,N4,きのう四人の先生に電話をかけました。,A,四人    ,よにん    ,よんにん    ,ようにん    ,しにん
1993,N4,きのう四人の先生に電話をかけました。,B,先生    ,せんせん    ,せんせい    ,せいせん    ,せいせい
1993,N4,きのう四人の先生に電話をかけました。,D,電話    ,でんご    ,でんは    ,でんき    ,でんわ 
1993,N4,あの男の子はせいが高くて、あしが長いです。,B,男の子    ,おとこのこう    ,おとこのこ     ,おんなのこう    ,おんなのこ
1993,N4,あの男の子はせいが高くて、あしが長いです。,D,高くて     ,おおくて    ,ひろくて     ,ひくくて    ,たかくて
1993,N4,あの男の子はせいが高くて、あしが長いです。,A,長い    ,ながい    ,おもい    ,おそい    ,はやい
1993,N4,あめの日は、あぱあとのへやでおんがくをききます。,B,あめ    ,飴    ,雨    ,偶    ,毋
1993,N4,あめの日は、あぱあとのへやでおんがくをききます。,B,あぱあと    ,マパート    ,アパート     ,マポート    ,アポート
1993,N4,あめの日は、あぱあとのへやでおんがくをききます。,C,ききます    ,開きます    ,目きます    ,聞きます    ,耳きます
1993,N4,いいてんきですから、そとでたべましょう。,D,てんき    ,矢気    ,大気    ,夫気    ,天気
1993,N4,いいてんきですから、そとでたべましょう。,A,たべ    ,食べ    ,口べ    ,葦べ    ,養べ 
1993,N4,ことしのなつやすみには国からちちが来ます。,D,ことし    ,来年    ,令年    ,昨年    ,今年
1993,N4,ことしのなつやすみには国からちちが来ます。,C,やすみ    ,体み    ,体すみ    ,休み    ,休すみ
1993,N4,ことしのなつやすみには国からちちが来ます。,B,ちち    ,又    ,父    ,文    ,交
1993,N4,がっこうがおわってから、えいがをみに行きます。,A,がっこう    ,学校    ,学積    ,学枚    ,学穂
1993,N4,がっこうがおわってから、えいがをみに行きます。,D,みに    ,具に    ,自に    ,貝に    ,見に
1993,N4,わたしは_____にちようびにとしょかんへいきます。,A,Choisir une réponse pour ___________,まいしゅう    ,まいあさ    ,まいにち    ,まいとし
1993,N4,「このおかしはいくらですか。」「それは_____です。」,B,Choisir une réponse pour ___________,はちじっさつ    ,はちじゅ うえん    ,はちじっぽん    ,はちじゅうだい
1993,N4,やすみのひはいつもうちで、_____をひきます。 ,D,Choisir une réponse pour ___________,オートバイ    ,テニス    ,スリッパ    ,ギター
1993,N4,じゅぎょうは_____さんじにおわりました。,A,Choisir une réponse pour ___________,ちょっと    ,だんだん    ,まっすぐ    ,ちょうど
1993,N4,このセーターはうすいので、あまり_____ないです。 ,C,Choisir une réponse pour ___________,さむく    ,すずしく    ,あたたかく    ,あかく
1993,N4,きのうは、あさからばんまでそうじやせんたくで_____です。,D,Choisir une réponse pour ___________,たかかった    ,あぶなかった    ,おもかった    ,いそがしかった
1993,N4,きょうはかぜがつよく_____います。,C,Choisir une réponse pour ___________,やんで    ,ふって    ,ふいて    ,とまって
1993,N4,にもつはそこに_____ください。,B,Choisir une réponse pour ___________,かいて    ,おいて    ,はいって    ,すわって
1993,N4,ちちはいま、しんぶんを_____いっています。,B,Choisir une réponse pour ___________,ぬぎに    ,よびに    ,ききに    ,かいに
1993,N4,うわぎをせんたくしてください。 ,B,Choisir une réponse,うわぎをみがいてください。 ,うわぎをあらってください。 ,うわぎをはいてください。 ,うわぎをきてください。
1993,N4,あそこはゆうびんきょくです。,A,Choisir une réponse,あそこではきってをうっています。 ,あそこではやさいをうっています。 ,あそこではとけいをうっています。 ,あそこではぼうしをうっています。
1993,N4,ともだちはげんかんでくつをぬぎました。,C,Choisir une réponse,ともだちはべっどのそばでくつをぬぎました。 ,ともだちはもんのまえでくつをぬぎました。 ,ともだちはいえのいりぐちでくつをぬぎました。 ,ともだちはまどのしたでくつをぬぎました。
1993,N4,このざっしはつまらなかったです。,A,Choisir une réponse,このざっしはおもしろくなかったです。 ,このざっしはむずかしくなかったです。 ,このざっしはながくなかったです。 ,このざっしはわるくなかったです。
1993,N4,あにはこうじょうにつとめています。,B,Choisir une réponse,あにはこうじょうでれんしゅうしています。 ,あにはこうじょうではたらいています。 ,あにはこうじょうでべんきょうしています。 ,あにはこうじょうでならっています。
1993,N4,きのう  デパート＿＿＿  かいものを  しました。 ,C,Choisir une réponse pour ___________,が   ,に    ,で    ,へ
1993,N4,本が  ２さつ  あります。ノート＿＿＿＿  ２さつ  あります。 ,B,Choisir une réponse pour ___________,や    ,も    ,で    ,に
1993,N4,らいしゅう  京都へ  りょこう＿＿＿＿  行きます。 ,D,Choisir une réponse pour ___________,と    ,が    ,を    ,に
1993,N4,わたしは  まいにち  日本語＿＿＿＿  べんきょうを  します。 ,B,Choisir une réponse pour ___________,と    ,の    ,や    ,を
1993,N4,「あしたも  ひとりで  来ますか。」「いいえ、あしたは  ともだち  ＿＿＿  来ます。」 ,A,Choisir une réponse pour ___________,と    ,は    ,へ    ,が
1993,N4,「さようなら」は  中国語  ＿＿＿＿  なんと  いいますか。 ,C,Choisir une réponse pour ___________,が    ,を    ,で    ,に
1993,N4,ここに  なまえ＿＿＿＿  でんわばんごうを  かいて  ください。 ,C,Choisir une réponse pour ___________,で    ,を    ,と    ,も
1993,N4,わたしは  いつも  うちから  えき＿＿＿  じてんしゃで  行きます。  ,B,Choisir une réponse pour ___________,しか    ,まで    ,ごろ    ,で
1993,N4,この  バスは  びょういんの  まえ＿＿＿＿  とおります。 ,D,Choisir une réponse pour ___________,で    ,に    ,へ    ,を
1993,N4,どれ＿＿＿＿  あなたの  かぎですか。 ,D,Choisir une réponse pour ___________,は    ,や    ,を    ,が
1993,N4,なつやすみは  なんにち＿＿＿＿  はじまりますか。 ,C,Choisir une réponse pour ___________,だけ    ,では    ,から    ,まで
1993,N4,しんぶんを  さがしましたが、どこ＿＿＿＿  ありません。,A,Choisir une réponse pour ___________,にも    ,でも    ,までも    ,へも
1993,N4,パーティーは  なんじに  はじまる  ＿＿＿＿  知って  いますか。 ,A,Choisir une réponse pour ___________,か    ,で    ,を    ,が
1993,N4,おかねは  １０００円＿＿＿＿  あります。 ,A,Choisir une réponse pour ___________,ぐらい    ,ごろ    ,しか    ,にも
1993,N4,かさは  そこ  ＿＿＿＿  おいて  ください。 ,D,Choisir une réponse pour ___________,と    ,が    ,を    ,に
1993,N4,わたしは  あまり  ＿＿＿  ありませんでした。,A,Choisir une réponse pour ___________,じょうぶでは    ,じょうぶな    ,じょうぶには    ,じょうぶだ 
1993,N4,わたしの  へやは  ＿＿＿＿  ないです。,C,Choisir une réponse pour ___________,ひろいく    ,ひろいでは    ,ひろく    ,ひろい 
1993,N4,あの  子は  うたを  ＿＿＿  うたいます。,C,Choisir une réponse pour ___________,じょうず    ,じょうずな    ,じょうずに    ,じょうずで 
1993,N4,字を  もう  すこし  ＿＿＿＿  かきましょう。,B,Choisir une réponse pour ___________,大きい    ,大きく    ,大きいに    ,大きくに 
1993,N4,わたしは  もっと  ＿＿＿＿  たいです。,A,Choisir une réponse pour ___________,はなし    ,はなす    ,はなした    ,はなします 
1993,N4,ここで  ＿＿＿  ください。,D,Choisir une réponse pour ___________,あそばない    ,あそばなく    ,あそばなくて    ,あそばないで 
1993,N4,わたしは  きのう  ＿＿＿＿  まえに、てがみを  かきました。,A,Choisir une réponse pour ___________,ねる    ,ねた    ,ねるの    ,ねたの
1993,N4,きのう  本を＿＿＿＿  に  行きました。 ,D,Choisir une réponse pour ___________,かって    ,かう    ,かわ    ,かい
1993,N4,わたしは  おんがくを  ＿＿＿  ながら  べんきょうします。 ,B,Choisir une réponse pour ___________,きく    ,きき    ,きいた    ,きいて
1993,N4,あした  山田さんが  ＿＿＿  人は  だれですか。,D,Choisir une réponse pour ___________,あって    ,あいます    ,あった    ,あう
1993,N4,「いま  すぐ  ビールを  のみますか。」「いいえ、おふろに  ＿＿＿から  のみます。」,D,Choisir une réponse pour ___________,はいる    ,はいり    ,はいります    ,はいって 
1993,N4,かべに  ポスターが  はって＿＿＿。,C,Choisir une réponse pour ___________,います    ,なります    ,あります    ,します
1993,N4,この  えは  わたしが  きのう  こうえんで  ＿＿＿えです。,C,Choisir une réponse pour ___________,かく    ,かかない    ,かいた    ,かいて
1993,N4,こどもは  ゆうべ  ばんごはんを  ＿＿＿＿  ねました。,B,Choisir une réponse pour ___________,たべなくて    ,たべないで    ,たべない    ,たべなく
1993,N4,しんぶんは  あまり＿＿＿＿。,B,Choisir une réponse pour ___________,よみます    ,よみません    ,よんで  ください    ,よみましょう
1993,N4,「りょこうは  ＿＿＿でしたか。」 「たのしかったです。」,A,Choisir une réponse pour ___________,どう    ,いつ    ,なぜ    ,だれ 
1993,N4,「＿＿＿  しごとを  やすみましたか。」「びょうきだったからです。」,C,Choisir une réponse pour ___________,どこの    ,どなたが    ,どうして    ,どのぐらい 
1993,N4,「それは  ＿＿＿  の  国の  きってですか。」「日本のです。」,D,Choisir une réponse pour ___________,なに    ,どれ    ,いつ    ,どこ
1993,N4,「パーティーでは  どんな  ＿＿＿を  のみましたか。」 「ジュースや  コーラを  のみました。」,C,Choisir une réponse pour ___________,ひと    ,こと    ,もの    ,とき
1993,N4,びょうきで  きょう  いちにち、＿＿＿＿  たべませんでした。,D,Choisir une réponse pour ___________,なにに    ,なにか    ,なんで    ,なにも
1993,N4,＿＿＿＿  ください。,B,Choisir une réponse pour ___________,りんごを  ３つを    ,りんごを  ３つ    ,りんごが  ３つを    ,りんごが  ３つ
1993,N4,Ａ「おにいさんは  おげんきですか。」 Ｂ「＿＿＿＿。」,A,Choisir une réponse pour ___________,はい、おかげさまで    ,あ、どういたしまして    ,いいえ、ありがとう    ,ええ、すみません
1993,N4,Ａ「さとうさんは  もう  来ましたか。」 Ｂ「＿＿＿＿。」,B,Choisir une réponse pour ___________,いいえ、来ませんでした     ,いいえ、まだです    ,はい、そうです    ,はい、も うです
1993,N4,あ「えきから  がっこうまでは  とおいですか。」 Ｂ「いいえ、＿＿＿＿。」=あるいて  ３ぷぶんです    ,A,Choisir une réponse pour ___________,あるいて  ３ぷん  かかります    ,３ぷん  あるきます    ,３ぷん  あるいて  います,
1993,N4,「うちで  この  本を  よんで  ください。すこし  むずかしいですが、とても  （ア）ですから、 ばんばって  ください。知らない（イ）が  はいって  いますが、はじめは  じしょを  ひかない で  ぜんぶ（ウ）ください。つぎに  じしょを  ひきながら  もう  （エ）  よんで  ください。いいで すか。２かい  よんですよ。」 ,A,Choisir une réponse,おもしろい    ,つまらない    ,やさしい    ,むずかしい 
1993,N4,「うちで  この  本を  よんで  ください。すこし  むずかしいですが、とても  （ア）ですから、 ばんばって  ください。知らない（イ）が  はいって  いますが、はじめは  じしょを  ひかない で  ぜんぶ（ウ）ください。つぎに  じしょを  ひきながら  もう  （エ）  よんで  ください。いいで すか。２かい  よんですよ。」 ,B,Choisir une réponse,本    ,ことば    ,じしょ    ,人 
1993,N4,「うちで  この  本を  よんで  ください。すこし  むずかしいですが、とても  （ア）ですから、 ばんばって  ください。知らない（イ）が  はいって  いますが、はじめは  じしょを  ひかない で  ぜんぶ（ウ）ください。つぎに  じしょを  ひきながら  もう  （エ）  よんで  ください。いいで すか。２かい  よんですよ。」 ,B,Choisir une réponse,はなして    ,よんで    ,ひいて    ,はいって 
1993,N4,「うちで  この  本を  よんで  ください。すこし  むずかしいですが、とても  （ア）ですから、 ばんばって  ください。知らない（イ）が  はいって  いますが、はじめは  じしょを  ひかない で  ぜんぶ（ウ）ください。つぎに  じしょを  ひきながら  もう  （エ）  よんで  ください。いいで すか。２かい  よんですよ。」 ,D,Choisir une réponse,いっさつ    ,ひとり    ,いっぽん    ,いちど
1993,N4,きのう  ケーキを  １０こ  かった。ばんごはんの  あと  いもうとと  ふたりで  ２こずつ たべた。おいしかった。,C, ケーキは  いま  いくつ  ありますか。,2こ    ,4こ    ,6こ    ,8こ
1993,N4,サングラスと  いうのは  ふつう  なつの  てんきの  いい  日に  かける  めがねだが、 わたしは  ふゆに  よく  つかう。日本では  ふゆみ  よく  つよい  風が  ふくからだ。,A,この  人が  サングラスを  かけるのは  どうしてですか。,風が  つよいからです,さむいからです,てんきが  いいからです ,あついからです
1993,N4,こんしゅうの  もくよう日の  パーティーに  出る  人は、まえの  日に  キムさんに  ６０ ０円  はらって  ください。おかねを  はらって  パーティーに  来なかった  人には、つぎの 日に  キムさんが  はんぶん  かえします。,D, りんさんは  おかねを  はらいましたが、パーティーに  行きませんでした。キムさん は  りんさんに  いつ  いくら  かえしますか。,もくよう日に  ６００円  かえします。 ,きんよう日に  ３００円  かえします,きんよう日に  ６００円  かえします。 ,きんよう日に  ３００円  かえします。
